Original Instance,Chunk File,Cost,Exec Time (s),Status/Notes
Emilia-Romagna,Emilia-Romagna_chunk_0.vrp,3248290.0,180.09,OK
Emilia-Romagna,Emilia-Romagna_chunk_1.vrp,ERROR,0,Sweep Failed - Reverted
Emilia-Romagna,Emilia-Romagna_chunk_10.vrp,8849480.0,181.03,OK
Emilia-Romagna,Emilia-Romagna_chunk_100.vrp,1686600.0,180.63,OK
Emilia-Romagna,Emilia-Romagna_chunk_101.vrp,3540290.0,180.2,OK
Emilia-Romagna,Emilia-Romagna_chunk_102.vrp,3754440.0,180.43,OK
Emilia-Romagna,Emilia-Romagna_chunk_103.vrp,ERROR,0,Sweep Failed - Reverted
Emilia-Romagna,Emilia-Romagna_chunk_104.vrp,3424480.0,180.2,OK
Emilia-Romagna,Emilia-Romagna_chunk_105.vrp,ERROR,0,Sweep Failed - Reverted
Emilia-Romagna,Emilia-Romagna_chunk_106.vrp,3293330.0,182.15,OK
Emilia-Romagna,Emilia-Romagna_chunk_107.vrp,4012010.0,180.14,OK
Emilia-Romagna,Emilia-Romagna_chunk_108.vrp,2619690.0,180.2,OK
Emilia-Romagna,Emilia-Romagna_chunk_109.vrp,ERROR,0,Sweep Failed - Reverted
Emilia-Romagna,Emilia-Romagna_chunk_11.vrp,7991990.0,180.17,OK
Emilia-Romagna,Emilia-Romagna_chunk_110.vrp,9901270.0,180.61,OK
Emilia-Romagna,Emilia-Romagna_chunk_111.vrp,2121400.0,181.69,OK
Emilia-Romagna,Emilia-Romagna_chunk_112.vrp,1536270.0,180.04,OK
Emilia-Romagna,Emilia-Romagna_chunk_113.vrp,8810970.0,180.46,OK
Emilia-Romagna,Emilia-Romagna_chunk_114.vrp,5738650.0,180.16,OK
Emilia-Romagna,Emilia-Romagna_chunk_115.vrp,12284700.0,185.51,OK
Emilia-Romagna,Emilia-Romagna_chunk_116_sweep_0.vrp,10140900.0,180.11,OK
Emilia-Romagna,Emilia-Romagna_chunk_116_sweep_1.vrp,10342900.0,180.21,OK
Emilia-Romagna,Emilia-Romagna_chunk_116_sweep_2.vrp,10143900.0,180.32,OK
Emilia-Romagna,Emilia-Romagna_chunk_116_sweep_3.vrp,10180600.0,180.46,OK
Emilia-Romagna,Emilia-Romagna_chunk_117.vrp,6121710.0,180.53,OK
Emilia-Romagna,Emilia-Romagna_chunk_118.vrp,ERROR,0,Sweep Failed - Reverted
Emilia-Romagna,Emilia-Romagna_chunk_119.vrp,6158330.0,180.48,OK
Emilia-Romagna,Emilia-Romagna_chunk_12.vrp,9621170.0,185.3,OK
Emilia-Romagna,Emilia-Romagna_chunk_120.vrp,5667520.0,181.88,OK
Emilia-Romagna,Emilia-Romagna_chunk_121.vrp,1892820.0,180.16,OK
Emilia-Romagna,Emilia-Romagna_chunk_122.vrp,7060830.0,180.61,OK
Emilia-Romagna,Emilia-Romagna_chunk_123.vrp,3250780.0,180.74,OK
Emilia-Romagna,Emilia-Romagna_chunk_124.vrp,4674620.0,180.27,OK
Emilia-Romagna,Emilia-Romagna_chunk_125.vrp,5966050.0,186.03,OK
Emilia-Romagna,Emilia-Romagna_chunk_126.vrp,4109640.0,180.03,OK
Emilia-Romagna,Emilia-Romagna_chunk_127.vrp,2793600.0,183.56,OK
Emilia-Romagna,Emilia-Romagna_chunk_128.vrp,5873750.0,181.6,OK
Emilia-Romagna,Emilia-Romagna_chunk_129_sweep_0.vrp,ERROR,0,Sweep Failed - Reverted
Emilia-Romagna,Emilia-Romagna_chunk_129_sweep_1.vrp,14173300.0,181.7,OK
Emilia-Romagna,Emilia-Romagna_chunk_129_sweep_2.vrp,ERROR,0,Sweep Failed - Reverted
Emilia-Romagna,Emilia-Romagna_chunk_13.vrp,6377540.0,180.29,OK
Emilia-Romagna,Emilia-Romagna_chunk_130_sweep_0.vrp,11705800.0,180.35,OK
Emilia-Romagna,Emilia-Romagna_chunk_130_sweep_1.vrp,12016100.0,180.34,OK
Emilia-Romagna,Emilia-Romagna_chunk_130_sweep_2.vrp,ERROR,0,Sweep Failed - Reverted
Emilia-Romagna,Emilia-Romagna_chunk_130_sweep_3.vrp,12118900.0,180.33,OK
Emilia-Romagna,Emilia-Romagna_chunk_130_sweep_4.vrp,11715200.0,180.22,OK
Emilia-Romagna,Emilia-Romagna_chunk_131_sweep_0.vrp,12529800.0,181.33,OK
Emilia-Romagna,Emilia-Romagna_chunk_131_sweep_1.vrp,12625600.0,180.19,OK
Emilia-Romagna,Emilia-Romagna_chunk_131_sweep_2.vrp,13104400.0,180.35,OK
Emilia-Romagna,Emilia-Romagna_chunk_131_sweep_3.vrp,12914100.0,180.78,OK
Emilia-Romagna,Emilia-Romagna_chunk_131_sweep_4.vrp,ERROR,0,Sweep Failed - Reverted
Emilia-Romagna,Emilia-Romagna_chunk_131_sweep_5.vrp,ERROR,0,Sweep Failed - Reverted
Emilia-Romagna,Emilia-Romagna_chunk_132.vrp,ERROR,0,Sweep Failed - Reverted
Emilia-Romagna,Emilia-Romagna_chunk_133.vrp,9958020.0,180.98,OK
Emilia-Romagna,Emilia-Romagna_chunk_134.vrp,3713880.0,180.51,OK
Emilia-Romagna,Emilia-Romagna_chunk_135.vrp,5056880.0,185.31,OK
Emilia-Romagna,Emilia-Romagna_chunk_136.vrp,8494370.0,180.28,OK
Emilia-Romagna,Emilia-Romagna_chunk_137.vrp,6617540.0,180.22,OK
Emilia-Romagna,Emilia-Romagna_chunk_138.vrp,5565010.0,180.29,OK
Emilia-Romagna,Emilia-Romagna_chunk_139.vrp,ERROR,0,Sweep Failed - Reverted
Emilia-Romagna,Emilia-Romagna_chunk_14.vrp,ERROR,0,Sweep Failed - Reverted
Emilia-Romagna,Emilia-Romagna_chunk_140.vrp,2476460.0,180.07,OK
Emilia-Romagna,Emilia-Romagna_chunk_141.vrp,4571820.0,180.28,OK
Emilia-Romagna,Emilia-Romagna_chunk_142.vrp,2542740.0,180.17,OK
Emilia-Romagna,Emilia-Romagna_chunk_143.vrp,7710770.0,180.71,OK
Emilia-Romagna,Emilia-Romagna_chunk_144.vrp,ERROR,0,Sweep Failed - Reverted
Emilia-Romagna,Emilia-Romagna_chunk_145.vrp,ERROR,0,Sweep Failed - Reverted
Emilia-Romagna,Emilia-Romagna_chunk_146.vrp,3964850.0,182.5,OK
Emilia-Romagna,Emilia-Romagna_chunk_147.vrp,2580780.0,180.12,OK
Emilia-Romagna,Emilia-Romagna_chunk_148.vrp,5978720.0,182.13,OK
Emilia-Romagna,Emilia-Romagna_chunk_149.vrp,9301280.0,181.17,OK
Emilia-Romagna,Emilia-Romagna_chunk_15.vrp,ERROR,0,Sweep Failed - Reverted
Emilia-Romagna,Emilia-Romagna_chunk_150.vrp,2365680.0,180.41,OK
Emilia-Romagna,Emilia-Romagna_chunk_151.vrp,3408290.0,180.35,OK
Emilia-Romagna,Emilia-Romagna_chunk_152.vrp,3645860.0,180.16,OK
Emilia-Romagna,Emilia-Romagna_chunk_153.vrp,27720700.0,186.93,OK
Emilia-Romagna,Emilia-Romagna_chunk_154.vrp,17028100.0,185.33,OK
Emilia-Romagna,Emilia-Romagna_chunk_155.vrp,ERROR,0,Sweep Failed - Reverted
Emilia-Romagna,Emilia-Romagna_chunk_156.vrp,ERROR,0,Sweep Failed - Reverted
Emilia-Romagna,Emilia-Romagna_chunk_157.vrp,2426010.0,182.36,OK
Emilia-Romagna,Emilia-Romagna_chunk_158.vrp,6137920.0,180.35,OK
Emilia-Romagna,Emilia-Romagna_chunk_159.vrp,ERROR,0,Sweep Failed - Reverted
Emilia-Romagna,Emilia-Romagna_chunk_160.vrp,12478800.0,186.86,OK
Emilia-Romagna,Emilia-Romagna_chunk_161.vrp,6357350.0,182.35,OK
Emilia-Romagna,Emilia-Romagna_chunk_162.vrp,5657120.0,187.99,OK
Emilia-Romagna,Emilia-Romagna_chunk_163.vrp,ERROR,0,Sweep Failed - Reverted
Emilia-Romagna,Emilia-Romagna_chunk_164.vrp,7512530.0,180.62,OK
Emilia-Romagna,Emilia-Romagna_chunk_165.vrp,7538450.0,180.15,OK
Emilia-Romagna,Emilia-Romagna_chunk_166.vrp,ERROR,0,Sweep Failed - Reverted
Emilia-Romagna,Emilia-Romagna_chunk_167.vrp,7063230.0,182.9,OK
Emilia-Romagna,Emilia-Romagna_chunk_168.vrp,2431030.0,181.03,OK
Emilia-Romagna,Emilia-Romagna_chunk_169.vrp,11057700.0,180.15,OK
Emilia-Romagna,Emilia-Romagna_chunk_16_sweep_0.vrp,ERROR,0,Sweep Failed - Reverted
Emilia-Romagna,Emilia-Romagna_chunk_16_sweep_1.vrp,ERROR,0,Sweep Failed - Reverted
Emilia-Romagna,Emilia-Romagna_chunk_16_sweep_2.vrp,ERROR,0,Sweep Failed - Reverted
Emilia-Romagna,Emilia-Romagna_chunk_16_sweep_3.vrp,ERROR,0,Sweep Failed - Reverted
Emilia-Romagna,Emilia-Romagna_chunk_17.vrp,3418450.0,180.55,OK
Emilia-Romagna,Emilia-Romagna_chunk_170.vrp,2261900.0,180.09,OK
Emilia-Romagna,Emilia-Romagna_chunk_171.vrp,ERROR,0,Sweep Failed - Reverted
Emilia-Romagna,Emilia-Romagna_chunk_172.vrp,2601940.0,180.07,OK
Emilia-Romagna,Emilia-Romagna_chunk_173.vrp,ERROR,0,Sweep Failed - Reverted
Emilia-Romagna,Emilia-Romagna_chunk_174.vrp,2916860.0,180.06,OK
Emilia-Romagna,Emilia-Romagna_chunk_175.vrp,ERROR,0,Sweep Failed - Reverted
Emilia-Romagna,Emilia-Romagna_chunk_176.vrp,3684160.0,180.19,OK
Emilia-Romagna,Emilia-Romagna_chunk_177.vrp,845799.0,180.15,OK
Emilia-Romagna,Emilia-Romagna_chunk_178.vrp,10618600.0,180.2,OK
Emilia-Romagna,Emilia-Romagna_chunk_179.vrp,ERROR,0,Sweep Failed - Reverted
Emilia-Romagna,Emilia-Romagna_chunk_18.vrp,7595800.0,186.79,OK
Emilia-Romagna,Emilia-Romagna_chunk_180.vrp,12414500.0,184.04,OK
Emilia-Romagna,Emilia-Romagna_chunk_181.vrp,4385520.0,180.17,OK
Emilia-Romagna,Emilia-Romagna_chunk_182.vrp,5354580.0,180.06,OK
Emilia-Romagna,Emilia-Romagna_chunk_183.vrp,ERROR,0,Sweep Failed - Reverted
Emilia-Romagna,Emilia-Romagna_chunk_184.vrp,ERROR,0,Sweep Failed - Reverted
Emilia-Romagna,Emilia-Romagna_chunk_185.vrp,1818380.0,181.37,OK
Emilia-Romagna,Emilia-Romagna_chunk_186.vrp,3133260.0,182.88,OK
Emilia-Romagna,Emilia-Romagna_chunk_187.vrp,4437740.0,180.14,OK
Emilia-Romagna,Emilia-Romagna_chunk_188.vrp,3933280.0,180.06,OK
Emilia-Romagna,Emilia-Romagna_chunk_189.vrp,2369310.0,180.18,OK
Emilia-Romagna,Emilia-Romagna_chunk_19.vrp,2012660.0,180.05,OK
Emilia-Romagna,Emilia-Romagna_chunk_190.vrp,7528170.0,186.46,OK
Emilia-Romagna,Emilia-Romagna_chunk_191.vrp,ERROR,0,Sweep Failed - Reverted
Emilia-Romagna,Emilia-Romagna_chunk_192.vrp,6038590.0,180.16,OK
Emilia-Romagna,Emilia-Romagna_chunk_193.vrp,6419360.0,188.17,OK
Emilia-Romagna,Emilia-Romagna_chunk_194.vrp,3137540.0,180.15,OK
Emilia-Romagna,Emilia-Romagna_chunk_195.vrp,6752070.0,180.58,OK
Emilia-Romagna,Emilia-Romagna_chunk_196.vrp,7112610.0,180.44,OK
Emilia-Romagna,Emilia-Romagna_chunk_197.vrp,8204410.0,180.53,OK
Emilia-Romagna,Emilia-Romagna_chunk_198.vrp,15484600.0,181.04,OK
Emilia-Romagna,Emilia-Romagna_chunk_199.vrp,ERROR,0,Sweep Failed - Reverted
Emilia-Romagna,Emilia-Romagna_chunk_2.vrp,6311140.0,187.46,OK
Emilia-Romagna,Emilia-Romagna_chunk_20.vrp,3057540.0,180.2,OK
Emilia-Romagna,Emilia-Romagna_chunk_200.vrp,1592650.0,181.09,OK
Emilia-Romagna,Emilia-Romagna_chunk_201.vrp,5826900.0,181.65,OK
Emilia-Romagna,Emilia-Romagna_chunk_202.vrp,10325400.0,181.48,OK
Emilia-Romagna,Emilia-Romagna_chunk_203.vrp,5745460.0,180.33,OK
Emilia-Romagna,Emilia-Romagna_chunk_204_sweep_0.vrp,11053900.0,180.59,OK
Emilia-Romagna,Emilia-Romagna_chunk_204_sweep_1.vrp,10935300.0,180.35,OK
Emilia-Romagna,Emilia-Romagna_chunk_204_sweep_2.vrp,10963300.0,180.18,OK
Emilia-Romagna,Emilia-Romagna_chunk_204_sweep_3.vrp,10991900.0,182.41,OK
Emilia-Romagna,Emilia-Romagna_chunk_204_sweep_4.vrp,11207900.0,181.77,OK
Emilia-Romagna,Emilia-Romagna_chunk_204_sweep_5.vrp,11255500.0,180.32,OK
Emilia-Romagna,Emilia-Romagna_chunk_205_sweep_0.vrp,11863300.0,181.46,OK
Emilia-Romagna,Emilia-Romagna_chunk_205_sweep_1.vrp,11909800.0,181.36,OK
Emilia-Romagna,Emilia-Romagna_chunk_205_sweep_2.vrp,11817800.0,180.57,OK
Emilia-Romagna,Emilia-Romagna_chunk_205_sweep_3.vrp,11532000.0,180.32,OK
Emilia-Romagna,Emilia-Romagna_chunk_206.vrp,5933120.0,180.19,OK
Emilia-Romagna,Emilia-Romagna_chunk_207.vrp,3905870.0,183.61,OK
Emilia-Romagna,Emilia-Romagna_chunk_208.vrp,4818850.0,180.1,OK
Emilia-Romagna,Emilia-Romagna_chunk_209.vrp,997679.0,180.08,OK
Emilia-Romagna,Emilia-Romagna_chunk_21.vrp,ERROR,0,Sweep Failed - Reverted
Emilia-Romagna,Emilia-Romagna_chunk_210.vrp,2555650.0,180.3,OK
Emilia-Romagna,Emilia-Romagna_chunk_211.vrp,2052450.0,186.09,OK
Emilia-Romagna,Emilia-Romagna_chunk_212.vrp,3852000.0,180.16,OK
Emilia-Romagna,Emilia-Romagna_chunk_213.vrp,3601380.0,180.95,OK
Emilia-Romagna,Emilia-Romagna_chunk_214.vrp,6367920.0,180.36,OK
Emilia-Romagna,Emilia-Romagna_chunk_215.vrp,6020280.0,181.97,OK
Emilia-Romagna,Emilia-Romagna_chunk_216_sweep_0.vrp,10389800.0,180.17,OK
Emilia-Romagna,Emilia-Romagna_chunk_216_sweep_1.vrp,10460700.0,180.46,OK
Emilia-Romagna,Emilia-Romagna_chunk_216_sweep_2.vrp,10535900.0,180.16,OK
Emilia-Romagna,Emilia-Romagna_chunk_216_sweep_3.vrp,10610000.0,180.23,OK
Emilia-Romagna,Emilia-Romagna_chunk_217.vrp,7781700.0,180.33,OK
Emilia-Romagna,Emilia-Romagna_chunk_218.vrp,6000980.0,183.71,OK
Emilia-Romagna,Emilia-Romagna_chunk_219.vrp,2358390.0,181.83,OK
Emilia-Romagna,Emilia-Romagna_chunk_22.vrp,8692870.0,184.16,OK
Emilia-Romagna,Emilia-Romagna_chunk_220.vrp,6109910.0,180.29,OK
Emilia-Romagna,Emilia-Romagna_chunk_221.vrp,7551930.0,180.25,OK
Emilia-Romagna,Emilia-Romagna_chunk_222.vrp,10555600.0,180.68,OK
Emilia-Romagna,Emilia-Romagna_chunk_223.vrp,2111360.0,180.32,OK
Emilia-Romagna,Emilia-Romagna_chunk_224.vrp,5629740.0,183.97,OK
Emilia-Romagna,Emilia-Romagna_chunk_225.vrp,4731290.0,180.47,OK
Emilia-Romagna,Emilia-Romagna_chunk_226.vrp,9047950.0,184.24,OK
Emilia-Romagna,Emilia-Romagna_chunk_227.vrp,5491020.0,182.34,OK
Emilia-Romagna,Emilia-Romagna_chunk_228.vrp,4765700.0,181.84,OK
Emilia-Romagna,Emilia-Romagna_chunk_229.vrp,4780830.0,182.96,OK
Emilia-Romagna,Emilia-Romagna_chunk_23.vrp,8727370.0,180.66,OK
Emilia-Romagna,Emilia-Romagna_chunk_230.vrp,8586160.0,180.89,OK
Emilia-Romagna,Emilia-Romagna_chunk_231_sweep_0.vrp,11935700.0,181.04,OK
Emilia-Romagna,Emilia-Romagna_chunk_231_sweep_1.vrp,12182000.0,180.26,OK
Emilia-Romagna,Emilia-Romagna_chunk_231_sweep_2.vrp,12047100.0,180.96,OK
Emilia-Romagna,Emilia-Romagna_chunk_231_sweep_3.vrp,12111700.0,180.67,OK
Emilia-Romagna,Emilia-Romagna_chunk_231_sweep_4.vrp,12451500.0,182.32,OK
Emilia-Romagna,Emilia-Romagna_chunk_232.vrp,12400700.0,183.37,OK
Emilia-Romagna,Emilia-Romagna_chunk_233.vrp,1391170.0,180.11,OK
Emilia-Romagna,Emilia-Romagna_chunk_234.vrp,3026250.0,180.06,OK
Emilia-Romagna,Emilia-Romagna_chunk_235.vrp,ERROR,0,"Crash: Command '['/home/ubuntu/cvrp/baselines/HGS-CVRP/build/hgs', '/home/ubuntu/cvrp/data/instances/hgs_partitions/Emilia-Romagna_partitions/Emilia-Romagna_chunk_235.vrp', '/home/ubuntu/cvrp/data/instances/hgs_partitions/Emilia-Romagna_partitions/Emilia-Romagna_chunk_235.sol', '-t', '180', '-seed', '42']' timed out after 190 seconds"
Emilia-Romagna,Emilia-Romagna_chunk_236.vrp,5098410.0,180.17,OK
Emilia-Romagna,Emilia-Romagna_chunk_237.vrp,1225950.0,180.28,OK
Emilia-Romagna,Emilia-Romagna_chunk_238.vrp,2062530.0,180.34,OK
Emilia-Romagna,Emilia-Romagna_chunk_239.vrp,ERROR,0,"Crash: Command '['/home/ubuntu/cvrp/baselines/HGS-CVRP/build/hgs', '/home/ubuntu/cvrp/data/instances/hgs_partitions/Emilia-Romagna_partitions/Emilia-Romagna_chunk_239.vrp', '/home/ubuntu/cvrp/data/instances/hgs_partitions/Emilia-Romagna_partitions/Emilia-Romagna_chunk_239.sol', '-t', '180', '-seed', '42']' timed out after 190 seconds"
Emilia-Romagna,Emilia-Romagna_chunk_24.vrp,967886.0,180.3,OK
Emilia-Romagna,Emilia-Romagna_chunk_240.vrp,1391810.0,180.04,OK
Emilia-Romagna,Emilia-Romagna_chunk_241.vrp,10194800.0,180.33,OK
Emilia-Romagna,Emilia-Romagna_chunk_242.vrp,3562440.0,180.67,OK
Emilia-Romagna,Emilia-Romagna_chunk_243.vrp,4612060.0,180.26,OK
Emilia-Romagna,Emilia-Romagna_chunk_244.vrp,5845040.0,180.13,OK
Emilia-Romagna,Emilia-Romagna_chunk_245.vrp,ERROR,0,"Crash: Command '['/home/ubuntu/cvrp/baselines/HGS-CVRP/build/hgs', '/home/ubuntu/cvrp/data/instances/hgs_partitions/Emilia-Romagna_partitions/Emilia-Romagna_chunk_245.vrp', '/home/ubuntu/cvrp/data/instances/hgs_partitions/Emilia-Romagna_partitions/Emilia-Romagna_chunk_245.sol', '-t', '180', '-seed', '42']' timed out after 190 seconds"
Emilia-Romagna,Emilia-Romagna_chunk_246.vrp,ERROR,0,No feasible route found in 60s.
Emilia-Romagna,Emilia-Romagna_chunk_247.vrp,ERROR,0,No feasible route found in 60s.
Emilia-Romagna,Emilia-Romagna_chunk_248.vrp,8434920.0,183.79,OK
Emilia-Romagna,Emilia-Romagna_chunk_249.vrp,4619210.0,180.07,OK
Emilia-Romagna,Emilia-Romagna_chunk_25.vrp,8492230.0,188.09,OK
Emilia-Romagna,Emilia-Romagna_chunk_250.vrp,2710750.0,180.04,OK
Emilia-Romagna,Emilia-Romagna_chunk_251.vrp,3941290.0,181.06,OK
Emilia-Romagna,Emilia-Romagna_chunk_252.vrp,7989260.0,180.23,OK
Emilia-Romagna,Emilia-Romagna_chunk_253.vrp,2876850.0,185.79,OK
Emilia-Romagna,Emilia-Romagna_chunk_254.vrp,2162910.0,180.22,OK
Emilia-Romagna,Emilia-Romagna_chunk_255.vrp,9734860.0,180.33,OK
Emilia-Romagna,Emilia-Romagna_chunk_256.vrp,5106220.0,183.71,OK
Emilia-Romagna,Emilia-Romagna_chunk_257.vrp,2192440.0,180.09,OK
Emilia-Romagna,Emilia-Romagna_chunk_258.vrp,5736230.0,180.13,OK
Emilia-Romagna,Emilia-Romagna_chunk_259.vrp,ERROR,0,No feasible route found in 60s.
Emilia-Romagna,Emilia-Romagna_chunk_26.vrp,ERROR,0,"Crash: Command '['/home/ubuntu/cvrp/baselines/HGS-CVRP/build/hgs', '/home/ubuntu/cvrp/data/instances/hgs_partitions/Emilia-Romagna_partitions/Emilia-Romagna_chunk_26.vrp', '/home/ubuntu/cvrp/data/instances/hgs_partitions/Emilia-Romagna_partitions/Emilia-Romagna_chunk_26.sol', '-t', '180', '-seed', '42']' timed out after 190 seconds"
Emilia-Romagna,Emilia-Romagna_chunk_260_sweep_0.vrp,11580000.0,180.29,OK
Emilia-Romagna,Emilia-Romagna_chunk_260_sweep_1.vrp,11653000.0,180.36,OK
Emilia-Romagna,Emilia-Romagna_chunk_260_sweep_2.vrp,11739600.0,180.25,OK
Emilia-Romagna,Emilia-Romagna_chunk_260_sweep_3.vrp,11814900.0,180.3,OK
Emilia-Romagna,Emilia-Romagna_chunk_261.vrp,7918070.0,180.44,OK
Emilia-Romagna,Emilia-Romagna_chunk_262.vrp,8330860.0,180.49,OK
Emilia-Romagna,Emilia-Romagna_chunk_263.vrp,1855130.0,180.08,OK
Emilia-Romagna,Emilia-Romagna_chunk_264.vrp,ERROR,0,"Crash: Command '['/home/ubuntu/cvrp/baselines/HGS-CVRP/build/hgs', '/home/ubuntu/cvrp/data/instances/hgs_partitions/Emilia-Romagna_partitions/Emilia-Romagna_chunk_264.vrp', '/home/ubuntu/cvrp/data/instances/hgs_partitions/Emilia-Romagna_partitions/Emilia-Romagna_chunk_264.sol', '-t', '180', '-seed', '42']' timed out after 190 seconds"
Emilia-Romagna,Emilia-Romagna_chunk_265.vrp,5241870.0,180.3,OK
Emilia-Romagna,Emilia-Romagna_chunk_266.vrp,ERROR,0,"Crash: Command '['/home/ubuntu/cvrp/baselines/HGS-CVRP/build/hgs', '/home/ubuntu/cvrp/data/instances/hgs_partitions/Emilia-Romagna_partitions/Emilia-Romagna_chunk_266.vrp', '/home/ubuntu/cvrp/data/instances/hgs_partitions/Emilia-Romagna_partitions/Emilia-Romagna_chunk_266.sol', '-t', '180', '-seed', '42']' timed out after 190 seconds"
Emilia-Romagna,Emilia-Romagna_chunk_267.vrp,5352410.0,180.24,OK
Emilia-Romagna,Emilia-Romagna_chunk_268.vrp,4914320.0,180.25,OK
Emilia-Romagna,Emilia-Romagna_chunk_269.vrp,2316090.0,180.06,OK
Emilia-Romagna,Emilia-Romagna_chunk_27.vrp,7370850.0,180.21,OK
Emilia-Romagna,Emilia-Romagna_chunk_270.vrp,2572400.0,180.1,OK
Emilia-Romagna,Emilia-Romagna_chunk_271.vrp,6199720.0,182.43,OK
Emilia-Romagna,Emilia-Romagna_chunk_272.vrp,1092820.0,180.1,OK
Emilia-Romagna,Emilia-Romagna_chunk_273.vrp,8860290.0,180.75,OK
Emilia-Romagna,Emilia-Romagna_chunk_274_sweep_0.vrp,10052200.0,180.13,OK
Emilia-Romagna,Emilia-Romagna_chunk_274_sweep_1.vrp,10124300.0,180.2,OK
Emilia-Romagna,Emilia-Romagna_chunk_274_sweep_2.vrp,10135600.0,180.71,OK
Emilia-Romagna,Emilia-Romagna_chunk_274_sweep_3.vrp,10143300.0,180.41,OK
Emilia-Romagna,Emilia-Romagna_chunk_274_sweep_4.vrp,10239400.0,180.33,OK
Emilia-Romagna,Emilia-Romagna_chunk_275.vrp,5546780.0,183.02,OK
Emilia-Romagna,Emilia-Romagna_chunk_276.vrp,4667040.0,180.64,OK
Emilia-Romagna,Emilia-Romagna_chunk_277.vrp,8586220.0,182.6,OK
Emilia-Romagna,Emilia-Romagna_chunk_278.vrp,1354380.0,180.54,OK
Emilia-Romagna,Emilia-Romagna_chunk_279.vrp,3060340.0,180.16,OK
Emilia-Romagna,Emilia-Romagna_chunk_28.vrp,18244000.0,183.35,OK
Emilia-Romagna,Emilia-Romagna_chunk_280_sweep_0.vrp,ERROR,0,No feasible route found in 60s.
Emilia-Romagna,Emilia-Romagna_chunk_280_sweep_1.vrp,12027900.0,180.29,OK
Emilia-Romagna,Emilia-Romagna_chunk_280_sweep_2.vrp,12066400.0,180.14,OK
Emilia-Romagna,Emilia-Romagna_chunk_280_sweep_3.vrp,ERROR,0,No feasible route found in 60s.
Emilia-Romagna,Emilia-Romagna_chunk_280_sweep_4.vrp,12354600.0,180.23,OK
Emilia-Romagna,Emilia-Romagna_chunk_280_sweep_5.vrp,12204000.0,180.56,OK
Emilia-Romagna,Emilia-Romagna_chunk_281.vrp,832982.0,180.2,OK
Emilia-Romagna,Emilia-Romagna_chunk_282.vrp,2214980.0,180.05,OK
Emilia-Romagna,Emilia-Romagna_chunk_283.vrp,3989070.0,180.59,OK
Emilia-Romagna,Emilia-Romagna_chunk_284.vrp,6032150.0,180.15,OK
Emilia-Romagna,Emilia-Romagna_chunk_285.vrp,7790390.0,180.46,OK
Emilia-Romagna,Emilia-Romagna_chunk_286.vrp,ERROR,0,"Crash: Command '['/home/ubuntu/cvrp/baselines/HGS-CVRP/build/hgs', '/home/ubuntu/cvrp/data/instances/hgs_partitions/Emilia-Romagna_partitions/Emilia-Romagna_chunk_286.vrp', '/home/ubuntu/cvrp/data/instances/hgs_partitions/Emilia-Romagna_partitions/Emilia-Romagna_chunk_286.sol', '-t', '180', '-seed', '42']' timed out after 190 seconds"
Emilia-Romagna,Emilia-Romagna_chunk_287.vrp,8644580.0,180.35,OK
Emilia-Romagna,Emilia-Romagna_chunk_288_sweep_0.vrp,11496000.0,180.53,OK
Emilia-Romagna,Emilia-Romagna_chunk_288_sweep_1.vrp,11826000.0,180.35,OK
Emilia-Romagna,Emilia-Romagna_chunk_288_sweep_2.vrp,11869200.0,180.22,OK
Emilia-Romagna,Emilia-Romagna_chunk_288_sweep_3.vrp,11694300.0,180.17,OK
Emilia-Romagna,Emilia-Romagna_chunk_289.vrp,275030.0,180.24,OK
Emilia-Romagna,Emilia-Romagna_chunk_29.vrp,4458040.0,181.86,OK
Emilia-Romagna,Emilia-Romagna_chunk_290.vrp,7591800.0,180.2,OK
Emilia-Romagna,Emilia-Romagna_chunk_291.vrp,13532400.0,180.66,OK
Emilia-Romagna,Emilia-Romagna_chunk_292.vrp,ERROR,0,"Crash: Command '['/home/ubuntu/cvrp/baselines/HGS-CVRP/build/hgs', '/home/ubuntu/cvrp/data/instances/hgs_partitions/Emilia-Romagna_partitions/Emilia-Romagna_chunk_292.vrp', '/home/ubuntu/cvrp/data/instances/hgs_partitions/Emilia-Romagna_partitions/Emilia-Romagna_chunk_292.sol', '-t', '180', '-seed', '42']' timed out after 190 seconds"
Emilia-Romagna,Emilia-Romagna_chunk_293.vrp,3647590.0,180.4,OK
Emilia-Romagna,Emilia-Romagna_chunk_294.vrp,10495400.0,181.46,OK
Emilia-Romagna,Emilia-Romagna_chunk_295.vrp,2402210.0,180.21,OK
Emilia-Romagna,Emilia-Romagna_chunk_296.vrp,ERROR,0,No feasible route found in 60s.
Emilia-Romagna,Emilia-Romagna_chunk_297.vrp,2926350.0,180.25,OK
Emilia-Romagna,Emilia-Romagna_chunk_298.vrp,7041010.0,180.73,OK
Emilia-Romagna,Emilia-Romagna_chunk_299.vrp,ERROR,0,"Crash: Command '['/home/ubuntu/cvrp/baselines/HGS-CVRP/build/hgs', '/home/ubuntu/cvrp/data/instances/hgs_partitions/Emilia-Romagna_partitions/Emilia-Romagna_chunk_299.vrp', '/home/ubuntu/cvrp/data/instances/hgs_partitions/Emilia-Romagna_partitions/Emilia-Romagna_chunk_299.sol', '-t', '180', '-seed', '42']' timed out after 190 seconds"
Emilia-Romagna,Emilia-Romagna_chunk_3.vrp,4341730.0,180.22,OK
Emilia-Romagna,Emilia-Romagna_chunk_300_sweep_0.vrp,13329300.0,181.04,OK
Emilia-Romagna,Emilia-Romagna_chunk_300_sweep_1.vrp,13441100.0,181.57,OK
Emilia-Romagna,Emilia-Romagna_chunk_300_sweep_2.vrp,13784600.0,180.95,OK
Emilia-Romagna,Emilia-Romagna_chunk_301.vrp,ERROR,0,"Crash: Command '['/home/ubuntu/cvrp/baselines/HGS-CVRP/build/hgs', '/home/ubuntu/cvrp/data/instances/hgs_partitions/Emilia-Romagna_partitions/Emilia-Romagna_chunk_301.vrp', '/home/ubuntu/cvrp/data/instances/hgs_partitions/Emilia-Romagna_partitions/Emilia-Romagna_chunk_301.sol', '-t', '180', '-seed', '42']' timed out after 190 seconds"
Emilia-Romagna,Emilia-Romagna_chunk_302.vrp,4027960.0,180.09,OK
Emilia-Romagna,Emilia-Romagna_chunk_303.vrp,ERROR,0,"Crash: Command '['/home/ubuntu/cvrp/baselines/HGS-CVRP/build/hgs', '/home/ubuntu/cvrp/data/instances/hgs_partitions/Emilia-Romagna_partitions/Emilia-Romagna_chunk_303.vrp', '/home/ubuntu/cvrp/data/instances/hgs_partitions/Emilia-Romagna_partitions/Emilia-Romagna_chunk_303.sol', '-t', '180', '-seed', '42']' timed out after 190 seconds"
Emilia-Romagna,Emilia-Romagna_chunk_304.vrp,10019500.0,181.3,OK
Emilia-Romagna,Emilia-Romagna_chunk_305.vrp,2928940.0,180.57,OK
Emilia-Romagna,Emilia-Romagna_chunk_306.vrp,4480720.0,180.19,OK
Emilia-Romagna,Emilia-Romagna_chunk_307.vrp,2218140.0,180.13,OK
Emilia-Romagna,Emilia-Romagna_chunk_308.vrp,ERROR,0,No feasible route found in 60s.
Emilia-Romagna,Emilia-Romagna_chunk_309.vrp,4461640.0,181.42,OK
Emilia-Romagna,Emilia-Romagna_chunk_30_sweep_0.vrp,10110700.0,180.15,OK
Emilia-Romagna,Emilia-Romagna_chunk_30_sweep_1.vrp,10181800.0,180.53,OK
Emilia-Romagna,Emilia-Romagna_chunk_30_sweep_2.vrp,10032900.0,180.35,OK
Emilia-Romagna,Emilia-Romagna_chunk_30_sweep_3.vrp,10288500.0,180.39,OK
Emilia-Romagna,Emilia-Romagna_chunk_30_sweep_4.vrp,10132800.0,181.54,OK
Emilia-Romagna,Emilia-Romagna_chunk_31.vrp,14450000.0,180.99,OK
Emilia-Romagna,Emilia-Romagna_chunk_310.vrp,ERROR,0,"Crash: Command '['/home/ubuntu/cvrp/baselines/HGS-CVRP/build/hgs', '/home/ubuntu/cvrp/data/instances/hgs_partitions/Emilia-Romagna_partitions/Emilia-Romagna_chunk_310.vrp', '/home/ubuntu/cvrp/data/instances/hgs_partitions/Emilia-Romagna_partitions/Emilia-Romagna_chunk_310.sol', '-t', '180', '-seed', '42']' timed out after 190 seconds"
Emilia-Romagna,Emilia-Romagna_chunk_311.vrp,2450180.0,181.25,OK
Emilia-Romagna,Emilia-Romagna_chunk_312.vrp,2739510.0,180.07,OK
Emilia-Romagna,Emilia-Romagna_chunk_313.vrp,1801500.0,180.07,OK
Emilia-Romagna,Emilia-Romagna_chunk_314.vrp,5260550.0,180.25,OK
Emilia-Romagna,Emilia-Romagna_chunk_315.vrp,2455480.0,180.08,OK
Emilia-Romagna,Emilia-Romagna_chunk_316.vrp,2574290.0,180.29,OK
Emilia-Romagna,Emilia-Romagna_chunk_317_sweep_0.vrp,10601100.0,180.28,OK
Emilia-Romagna,Emilia-Romagna_chunk_317_sweep_1.vrp,10465600.0,180.24,OK
Emilia-Romagna,Emilia-Romagna_chunk_317_sweep_2.vrp,10691900.0,180.6,OK
Emilia-Romagna,Emilia-Romagna_chunk_317_sweep_3.vrp,10508400.0,180.33,OK
Emilia-Romagna,Emilia-Romagna_chunk_317_sweep_4.vrp,10595700.0,180.41,OK
Emilia-Romagna,Emilia-Romagna_chunk_318.vrp,ERROR,0,No feasible route found in 60s.
Emilia-Romagna,Emilia-Romagna_chunk_319.vrp,5106260.0,180.16,OK
Emilia-Romagna,Emilia-Romagna_chunk_32.vrp,3005960.0,180.4,OK
Emilia-Romagna,Emilia-Romagna_chunk_320_sweep_0.vrp,12041200.0,181.86,OK
Emilia-Romagna,Emilia-Romagna_chunk_320_sweep_1.vrp,ERROR,0,No feasible route found in 60s.
Emilia-Romagna,Emilia-Romagna_chunk_320_sweep_2.vrp,12122500.0,181.21,OK
Emilia-Romagna,Emilia-Romagna_chunk_320_sweep_3.vrp,12253700.0,180.3,OK
Emilia-Romagna,Emilia-Romagna_chunk_321.vrp,ERROR,0,"Crash: Command '['/home/ubuntu/cvrp/baselines/HGS-CVRP/build/hgs', '/home/ubuntu/cvrp/data/instances/hgs_partitions/Emilia-Romagna_partitions/Emilia-Romagna_chunk_321.vrp', '/home/ubuntu/cvrp/data/instances/hgs_partitions/Emilia-Romagna_partitions/Emilia-Romagna_chunk_321.sol', '-t', '180', '-seed', '42']' timed out after 190 seconds"
Emilia-Romagna,Emilia-Romagna_chunk_322.vrp,5920240.0,180.17,OK
Emilia-Romagna,Emilia-Romagna_chunk_323.vrp,4691490.0,180.26,OK
Emilia-Romagna,Emilia-Romagna_chunk_324.vrp,7772380.0,180.21,OK
Emilia-Romagna,Emilia-Romagna_chunk_325.vrp,6530380.0,180.38,OK
Emilia-Romagna,Emilia-Romagna_chunk_326.vrp,3295070.0,180.42,OK
Emilia-Romagna,Emilia-Romagna_chunk_327.vrp,3969110.0,180.43,OK
Emilia-Romagna,Emilia-Romagna_chunk_328.vrp,3127940.0,180.71,OK
Emilia-Romagna,Emilia-Romagna_chunk_329.vrp,1859650.0,180.1,OK
Emilia-Romagna,Emilia-Romagna_chunk_33.vrp,4832960.0,180.08,OK
Emilia-Romagna,Emilia-Romagna_chunk_330.vrp,ERROR,0,No feasible route found in 60s.
Emilia-Romagna,Emilia-Romagna_chunk_331.vrp,1951750.0,180.1,OK
Emilia-Romagna,Emilia-Romagna_chunk_332.vrp,8605510.0,184.34,OK
Emilia-Romagna,Emilia-Romagna_chunk_333.vrp,4984250.0,180.52,OK
Emilia-Romagna,Emilia-Romagna_chunk_334.vrp,5849370.0,180.09,OK
Emilia-Romagna,Emilia-Romagna_chunk_335.vrp,3077260.0,180.31,OK
Emilia-Romagna,Emilia-Romagna_chunk_336.vrp,13866000.0,180.96,OK
Emilia-Romagna,Emilia-Romagna_chunk_337.vrp,2362990.0,180.19,OK
Emilia-Romagna,Emilia-Romagna_chunk_338.vrp,1622850.0,180.24,OK
Emilia-Romagna,Emilia-Romagna_chunk_339.vrp,10947500.0,180.93,OK
Emilia-Romagna,Emilia-Romagna_chunk_340.vrp,7942420.0,180.75,OK
Emilia-Romagna,Emilia-Romagna_chunk_341.vrp,8251250.0,180.13,OK
Emilia-Romagna,Emilia-Romagna_chunk_342.vrp,1470640.0,180.07,OK
Emilia-Romagna,Emilia-Romagna_chunk_343.vrp,2638150.0,180.08,OK
Emilia-Romagna,Emilia-Romagna_chunk_344.vrp,11619100.0,182.58,OK
Emilia-Romagna,Emilia-Romagna_chunk_345.vrp,2882460.0,180.04,OK
Emilia-Romagna,Emilia-Romagna_chunk_346.vrp,ERROR,0,No feasible route found in 60s.
Emilia-Romagna,Emilia-Romagna_chunk_347.vrp,2458360.0,180.49,OK
Emilia-Romagna,Emilia-Romagna_chunk_348.vrp,2744970.0,180.05,OK
Emilia-Romagna,Emilia-Romagna_chunk_349.vrp,13013800.0,180.14,OK
Emilia-Romagna,Emilia-Romagna_chunk_34_sweep_0.vrp,11361300.0,180.2,OK
Emilia-Romagna,Emilia-Romagna_chunk_34_sweep_1.vrp,11632600.0,181.37,OK
Emilia-Romagna,Emilia-Romagna_chunk_34_sweep_2.vrp,11880700.0,180.43,OK
Emilia-Romagna,Emilia-Romagna_chunk_34_sweep_3.vrp,11734800.0,180.32,OK
Emilia-Romagna,Emilia-Romagna_chunk_34_sweep_4.vrp,11819900.0,183.07,OK
Emilia-Romagna,Emilia-Romagna_chunk_35.vrp,ERROR,0,"Crash: Command '['/home/ubuntu/cvrp/baselines/HGS-CVRP/build/hgs', '/home/ubuntu/cvrp/data/instances/hgs_partitions/Emilia-Romagna_partitions/Emilia-Romagna_chunk_35.vrp', '/home/ubuntu/cvrp/data/instances/hgs_partitions/Emilia-Romagna_partitions/Emilia-Romagna_chunk_35.sol', '-t', '180', '-seed', '42']' timed out after 190 seconds"
Emilia-Romagna,Emilia-Romagna_chunk_350.vrp,5966560.0,180.14,OK
Emilia-Romagna,Emilia-Romagna_chunk_351.vrp,6956110.0,180.13,OK
Emilia-Romagna,Emilia-Romagna_chunk_352_sweep_0.vrp,10372100.0,180.66,OK
Emilia-Romagna,Emilia-Romagna_chunk_352_sweep_1.vrp,10198400.0,180.15,OK
Emilia-Romagna,Emilia-Romagna_chunk_352_sweep_2.vrp,10495200.0,180.22,OK
Emilia-Romagna,Emilia-Romagna_chunk_352_sweep_3.vrp,10569600.0,180.19,OK
Emilia-Romagna,Emilia-Romagna_chunk_353.vrp,1488880.0,180.44,OK
Emilia-Romagna,Emilia-Romagna_chunk_354.vrp,6633030.0,180.32,OK
Emilia-Romagna,Emilia-Romagna_chunk_355.vrp,6971570.0,180.42,OK
Emilia-Romagna,Emilia-Romagna_chunk_356_sweep_0.vrp,10783500.0,180.55,OK
Emilia-Romagna,Emilia-Romagna_chunk_356_sweep_1.vrp,11308000.0,180.61,OK
Emilia-Romagna,Emilia-Romagna_chunk_356_sweep_2.vrp,10917600.0,180.25,OK
Emilia-Romagna,Emilia-Romagna_chunk_356_sweep_3.vrp,11007300.0,180.15,OK
Emilia-Romagna,Emilia-Romagna_chunk_357_sweep_0.vrp,12992900.0,181.01,OK
Emilia-Romagna,Emilia-Romagna_chunk_357_sweep_1.vrp,ERROR,0,No feasible route found in 60s.
Emilia-Romagna,Emilia-Romagna_chunk_357_sweep_2.vrp,ERROR,0,No feasible route found in 60s.
Emilia-Romagna,Emilia-Romagna_chunk_357_sweep_3.vrp,ERROR,0,No feasible route found in 60s.
Emilia-Romagna,Emilia-Romagna_chunk_357_sweep_4.vrp,13103000.0,180.26,OK
Emilia-Romagna,Emilia-Romagna_chunk_357_sweep_5.vrp,12915000.0,180.69,OK
Emilia-Romagna,Emilia-Romagna_chunk_357_sweep_6.vrp,ERROR,0,No feasible route found in 60s.
Emilia-Romagna,Emilia-Romagna_chunk_358.vrp,7086230.0,186.03,OK
Emilia-Romagna,Emilia-Romagna_chunk_359.vrp,ERROR,0,No feasible route found in 60s.
Emilia-Romagna,Emilia-Romagna_chunk_36.vrp,ERROR,0,No feasible route found in 60s.
Emilia-Romagna,Emilia-Romagna_chunk_360.vrp,7193780.0,180.12,OK
Emilia-Romagna,Emilia-Romagna_chunk_361.vrp,1476310.0,180.13,OK
Emilia-Romagna,Emilia-Romagna_chunk_362.vrp,2866620.0,180.16,OK
Emilia-Romagna,Emilia-Romagna_chunk_363.vrp,5273150.0,180.48,OK
Emilia-Romagna,Emilia-Romagna_chunk_364.vrp,7318200.0,180.24,OK
Emilia-Romagna,Emilia-Romagna_chunk_365.vrp,2487190.0,180.08,OK
Emilia-Romagna,Emilia-Romagna_chunk_366.vrp,11018800.0,182.79,OK
Emilia-Romagna,Emilia-Romagna_chunk_367.vrp,7795300.0,183.65,OK
Emilia-Romagna,Emilia-Romagna_chunk_368.vrp,3258210.0,180.06,OK
Emilia-Romagna,Emilia-Romagna_chunk_369.vrp,1953320.0,180.27,OK
Emilia-Romagna,Emilia-Romagna_chunk_37.vrp,11431400.0,185.05,OK
Emilia-Romagna,Emilia-Romagna_chunk_370.vrp,1058600.0,180.37,OK
Emilia-Romagna,Emilia-Romagna_chunk_371.vrp,13519600.0,180.41,OK
Emilia-Romagna,Emilia-Romagna_chunk_372.vrp,3005460.0,180.15,OK
Emilia-Romagna,Emilia-Romagna_chunk_373.vrp,2973220.0,180.06,OK
Emilia-Romagna,Emilia-Romagna_chunk_374.vrp,1934720.0,180.13,OK
Emilia-Romagna,Emilia-Romagna_chunk_375.vrp,5191910.0,180.09,OK
Emilia-Romagna,Emilia-Romagna_chunk_376_sweep_0.vrp,12582400.0,180.16,OK
Emilia-Romagna,Emilia-Romagna_chunk_376_sweep_1.vrp,12682700.0,180.13,OK
Emilia-Romagna,Emilia-Romagna_chunk_376_sweep_2.vrp,13000100.0,180.4,OK
Emilia-Romagna,Emilia-Romagna_chunk_376_sweep_3.vrp,12775400.0,180.38,OK
Emilia-Romagna,Emilia-Romagna_chunk_377.vrp,3595610.0,180.72,OK
Emilia-Romagna,Emilia-Romagna_chunk_378.vrp,4164830.0,180.13,OK
Emilia-Romagna,Emilia-Romagna_chunk_379.vrp,ERROR,0,"Crash: Command '['/home/ubuntu/cvrp/baselines/HGS-CVRP/build/hgs', '/home/ubuntu/cvrp/data/instances/hgs_partitions/Emilia-Romagna_partitions/Emilia-Romagna_chunk_379.vrp', '/home/ubuntu/cvrp/data/instances/hgs_partitions/Emilia-Romagna_partitions/Emilia-Romagna_chunk_379.sol', '-t', '180', '-seed', '42']' timed out after 190 seconds"
Emilia-Romagna,Emilia-Romagna_chunk_38.vrp,1363220.0,180.24,OK
Emilia-Romagna,Emilia-Romagna_chunk_380.vrp,7201610.0,183.92,OK
Emilia-Romagna,Emilia-Romagna_chunk_381.vrp,ERROR,0,No feasible route found in 60s.
Emilia-Romagna,Emilia-Romagna_chunk_382.vrp,738094.0,180.09,OK
Emilia-Romagna,Emilia-Romagna_chunk_383.vrp,3407150.0,180.13,OK
Emilia-Romagna,Emilia-Romagna_chunk_384.vrp,2775580.0,180.04,OK
Emilia-Romagna,Emilia-Romagna_chunk_385.vrp,ERROR,0,No feasible route found in 60s.
Emilia-Romagna,Emilia-Romagna_chunk_386.vrp,3796520.0,180.04,OK
Emilia-Romagna,Emilia-Romagna_chunk_387.vrp,25309000.0,186.59,OK
Emilia-Romagna,Emilia-Romagna_chunk_388.vrp,5188740.0,180.41,OK
Emilia-Romagna,Emilia-Romagna_chunk_389.vrp,10355300.0,182.76,OK
Emilia-Romagna,Emilia-Romagna_chunk_39.vrp,ERROR,0,"Crash: Command '['/home/ubuntu/cvrp/baselines/HGS-CVRP/build/hgs', '/home/ubuntu/cvrp/data/instances/hgs_partitions/Emilia-Romagna_partitions/Emilia-Romagna_chunk_39.vrp', '/home/ubuntu/cvrp/data/instances/hgs_partitions/Emilia-Romagna_partitions/Emilia-Romagna_chunk_39.sol', '-t', '180', '-seed', '42']' timed out after 190 seconds"
Emilia-Romagna,Emilia-Romagna_chunk_390.vrp,2788160.0,180.07,OK
Emilia-Romagna,Emilia-Romagna_chunk_391.vrp,2664600.0,180.17,OK
Emilia-Romagna,Emilia-Romagna_chunk_392.vrp,12621100.0,180.16,OK
Emilia-Romagna,Emilia-Romagna_chunk_393.vrp,6729700.0,180.66,OK
Emilia-Romagna,Emilia-Romagna_chunk_394.vrp,2777860.0,180.07,OK
Emilia-Romagna,Emilia-Romagna_chunk_395.vrp,4729440.0,180.24,OK
Emilia-Romagna,Emilia-Romagna_chunk_396.vrp,2378430.0,180.21,OK
Emilia-Romagna,Emilia-Romagna_chunk_397.vrp,4306240.0,180.22,OK
Emilia-Romagna,Emilia-Romagna_chunk_398.vrp,1644920.0,180.53,OK
Emilia-Romagna,Emilia-Romagna_chunk_399.vrp,ERROR,0,"Crash: Command '['/home/ubuntu/cvrp/baselines/HGS-CVRP/build/hgs', '/home/ubuntu/cvrp/data/instances/hgs_partitions/Emilia-Romagna_partitions/Emilia-Romagna_chunk_399.vrp', '/home/ubuntu/cvrp/data/instances/hgs_partitions/Emilia-Romagna_partitions/Emilia-Romagna_chunk_399.sol', '-t', '180', '-seed', '42']' timed out after 190 seconds"
Emilia-Romagna,Emilia-Romagna_chunk_4.vrp,9555470.0,180.16,OK
Emilia-Romagna,Emilia-Romagna_chunk_400.vrp,5286970.0,180.11,OK
Emilia-Romagna,Emilia-Romagna_chunk_401.vrp,4130910.0,181.16,OK
Emilia-Romagna,Emilia-Romagna_chunk_402.vrp,ERROR,0,"Crash: Command '['/home/ubuntu/cvrp/baselines/HGS-CVRP/build/hgs', '/home/ubuntu/cvrp/data/instances/hgs_partitions/Emilia-Romagna_partitions/Emilia-Romagna_chunk_402.vrp', '/home/ubuntu/cvrp/data/instances/hgs_partitions/Emilia-Romagna_partitions/Emilia-Romagna_chunk_402.sol', '-t', '180', '-seed', '42']' timed out after 190 seconds"
Emilia-Romagna,Emilia-Romagna_chunk_403.vrp,1754020.0,180.11,OK
Emilia-Romagna,Emilia-Romagna_chunk_404.vrp,4503050.0,180.25,OK
Emilia-Romagna,Emilia-Romagna_chunk_405.vrp,9672790.0,180.93,OK
Emilia-Romagna,Emilia-Romagna_chunk_406.vrp,3061100.0,180.44,OK
Emilia-Romagna,Emilia-Romagna_chunk_407.vrp,7792130.0,180.52,OK
Emilia-Romagna,Emilia-Romagna_chunk_408.vrp,ERROR,0,No feasible route found in 60s.
Emilia-Romagna,Emilia-Romagna_chunk_409.vrp,9795160.0,180.21,OK
Emilia-Romagna,Emilia-Romagna_chunk_40_sweep_0.vrp,ERROR,0,No feasible route found in 60s.
Emilia-Romagna,Emilia-Romagna_chunk_40_sweep_1.vrp,ERROR,0,No feasible route found in 60s.
Emilia-Romagna,Emilia-Romagna_chunk_40_sweep_2.vrp,16638800.0,180.49,OK
Emilia-Romagna,Emilia-Romagna_chunk_41.vrp,10479800.0,182.21,OK
Emilia-Romagna,Emilia-Romagna_chunk_410.vrp,13388700.0,182.59,OK
Emilia-Romagna,Emilia-Romagna_chunk_411.vrp,2459360.0,184.27,OK
Emilia-Romagna,Emilia-Romagna_chunk_412.vrp,5341950.0,180.46,OK
Emilia-Romagna,Emilia-Romagna_chunk_413.vrp,2325610.0,180.07,OK
Emilia-Romagna,Emilia-Romagna_chunk_414.vrp,ERROR,0,"Crash: Command '['/home/ubuntu/cvrp/baselines/HGS-CVRP/build/hgs', '/home/ubuntu/cvrp/data/instances/hgs_partitions/Emilia-Romagna_partitions/Emilia-Romagna_chunk_414.vrp', '/home/ubuntu/cvrp/data/instances/hgs_partitions/Emilia-Romagna_partitions/Emilia-Romagna_chunk_414.sol', '-t', '180', '-seed', '42']' timed out after 190 seconds"
Emilia-Romagna,Emilia-Romagna_chunk_415.vrp,8593880.0,180.29,OK
Emilia-Romagna,Emilia-Romagna_chunk_416.vrp,5549180.0,188.57,OK
Emilia-Romagna,Emilia-Romagna_chunk_417_sweep_0.vrp,ERROR,0,No feasible route found in 60s.
Emilia-Romagna,Emilia-Romagna_chunk_417_sweep_1.vrp,14975100.0,180.43,OK
Emilia-Romagna,Emilia-Romagna_chunk_417_sweep_2.vrp,14729500.0,180.36,OK
Emilia-Romagna,Emilia-Romagna_chunk_418.vrp,1210780.0,180.13,OK
Emilia-Romagna,Emilia-Romagna_chunk_419.vrp,7403790.0,184.29,OK
Emilia-Romagna,Emilia-Romagna_chunk_42.vrp,2268660.0,180.16,OK
Emilia-Romagna,Emilia-Romagna_chunk_420.vrp,2546490.0,181.59,OK
Emilia-Romagna,Emilia-Romagna_chunk_421.vrp,8041330.0,180.11,OK
Emilia-Romagna,Emilia-Romagna_chunk_422.vrp,1405900.0,180.2,OK
Emilia-Romagna,Emilia-Romagna_chunk_423.vrp,3080180.0,180.31,OK
Emilia-Romagna,Emilia-Romagna_chunk_424.vrp,2643850.0,180.05,OK
Emilia-Romagna,Emilia-Romagna_chunk_425.vrp,918781.0,180.27,OK
Emilia-Romagna,Emilia-Romagna_chunk_426.vrp,ERROR,0,No feasible route found in 60s.
Emilia-Romagna,Emilia-Romagna_chunk_427.vrp,928735.0,180.06,OK
Emilia-Romagna,Emilia-Romagna_chunk_428.vrp,3974600.0,181.64,OK
Emilia-Romagna,Emilia-Romagna_chunk_429.vrp,3116580.0,180.24,OK
Emilia-Romagna,Emilia-Romagna_chunk_43.vrp,1225120.0,180.06,OK
Emilia-Romagna,Emilia-Romagna_chunk_430.vrp,ERROR,0,No feasible route found in 60s.
Emilia-Romagna,Emilia-Romagna_chunk_431.vrp,8023320.0,181.61,OK
Emilia-Romagna,Emilia-Romagna_chunk_432.vrp,3045320.0,180.13,OK
Emilia-Romagna,Emilia-Romagna_chunk_433.vrp,1416400.0,180.87,OK
Emilia-Romagna,Emilia-Romagna_chunk_434.vrp,9930400.0,180.23,OK
Emilia-Romagna,Emilia-Romagna_chunk_435.vrp,4408210.0,184.19,OK
Emilia-Romagna,Emilia-Romagna_chunk_436.vrp,8179160.0,180.11,OK
Emilia-Romagna,Emilia-Romagna_chunk_437.vrp,ERROR,0,No feasible route found in 60s.
Emilia-Romagna,Emilia-Romagna_chunk_438.vrp,3632800.0,180.3,OK
Emilia-Romagna,Emilia-Romagna_chunk_439.vrp,2246900.0,181.0,OK
Emilia-Romagna,Emilia-Romagna_chunk_44.vrp,3720960.0,181.94,OK
Emilia-Romagna,Emilia-Romagna_chunk_440.vrp,1647000.0,180.07,OK
Emilia-Romagna,Emilia-Romagna_chunk_441.vrp,2552220.0,180.36,OK
Emilia-Romagna,Emilia-Romagna_chunk_442.vrp,ERROR,0,No feasible route found in 60s.
Emilia-Romagna,Emilia-Romagna_chunk_443.vrp,7804220.0,180.34,OK
Emilia-Romagna,Emilia-Romagna_chunk_444.vrp,ERROR,0,"Crash: Command '['/home/ubuntu/cvrp/baselines/HGS-CVRP/build/hgs', '/home/ubuntu/cvrp/data/instances/hgs_partitions/Emilia-Romagna_partitions/Emilia-Romagna_chunk_444.vrp', '/home/ubuntu/cvrp/data/instances/hgs_partitions/Emilia-Romagna_partitions/Emilia-Romagna_chunk_444.sol', '-t', '180', '-seed', '42']' timed out after 190 seconds"
Emilia-Romagna,Emilia-Romagna_chunk_445.vrp,1354950.0,181.84,OK
Emilia-Romagna,Emilia-Romagna_chunk_446.vrp,ERROR,0,No feasible route found in 60s.
Emilia-Romagna,Emilia-Romagna_chunk_447.vrp,ERROR,0,No feasible route found in 60s.
Emilia-Romagna,Emilia-Romagna_chunk_448.vrp,10684200.0,186.67,OK
Emilia-Romagna,Emilia-Romagna_chunk_45.vrp,ERROR,0,"Crash: Command '['/home/ubuntu/cvrp/baselines/HGS-CVRP/build/hgs', '/home/ubuntu/cvrp/data/instances/hgs_partitions/Emilia-Romagna_partitions/Emilia-Romagna_chunk_45.vrp', '/home/ubuntu/cvrp/data/instances/hgs_partitions/Emilia-Romagna_partitions/Emilia-Romagna_chunk_45.sol', '-t', '180', '-seed', '42']' timed out after 190 seconds"
Emilia-Romagna,Emilia-Romagna_chunk_46.vrp,11410200.0,181.16,OK
Emilia-Romagna,Emilia-Romagna_chunk_47.vrp,ERROR,0,No feasible route found in 60s.
Emilia-Romagna,Emilia-Romagna_chunk_48_sweep_0.vrp,11185900.0,180.12,OK
Emilia-Romagna,Emilia-Romagna_chunk_48_sweep_1.vrp,11471400.0,180.22,OK
Emilia-Romagna,Emilia-Romagna_chunk_48_sweep_2.vrp,11550100.0,180.33,OK
Emilia-Romagna,Emilia-Romagna_chunk_48_sweep_3.vrp,11628400.0,180.29,OK
Emilia-Romagna,Emilia-Romagna_chunk_49.vrp,4073730.0,184.13,OK
Emilia-Romagna,Emilia-Romagna_chunk_5.vrp,ERROR,0,"Crash: Command '['/home/ubuntu/cvrp/baselines/HGS-CVRP/build/hgs', '/home/ubuntu/cvrp/data/instances/hgs_partitions/Emilia-Romagna_partitions/Emilia-Romagna_chunk_5.vrp', '/home/ubuntu/cvrp/data/instances/hgs_partitions/Emilia-Romagna_partitions/Emilia-Romagna_chunk_5.sol', '-t', '180', '-seed', '42']' timed out after 190 seconds"
Emilia-Romagna,Emilia-Romagna_chunk_50_sweep_0.vrp,12316200.0,180.93,OK
Emilia-Romagna,Emilia-Romagna_chunk_50_sweep_1.vrp,12439000.0,180.29,OK
Emilia-Romagna,Emilia-Romagna_chunk_50_sweep_2.vrp,12377400.0,181.05,OK
Emilia-Romagna,Emilia-Romagna_chunk_50_sweep_3.vrp,12095200.0,181.92,OK
Emilia-Romagna,Emilia-Romagna_chunk_51.vrp,9683620.0,185.26,OK
Emilia-Romagna,Emilia-Romagna_chunk_52.vrp,5951850.0,180.31,OK
Emilia-Romagna,Emilia-Romagna_chunk_53_sweep_0.vrp,11443500.0,181.4,OK
Emilia-Romagna,Emilia-Romagna_chunk_53_sweep_1.vrp,11447800.0,181.0,OK
Emilia-Romagna,Emilia-Romagna_chunk_53_sweep_2.vrp,11262600.0,182.16,OK
Emilia-Romagna,Emilia-Romagna_chunk_53_sweep_3.vrp,11735700.0,181.72,OK
Emilia-Romagna,Emilia-Romagna_chunk_54.vrp,ERROR,0,"Crash: Command '['/home/ubuntu/cvrp/baselines/HGS-CVRP/build/hgs', '/home/ubuntu/cvrp/data/instances/hgs_partitions/Emilia-Romagna_partitions/Emilia-Romagna_chunk_54.vrp', '/home/ubuntu/cvrp/data/instances/hgs_partitions/Emilia-Romagna_partitions/Emilia-Romagna_chunk_54.sol', '-t', '180', '-seed', '42']' timed out after 190 seconds"
Emilia-Romagna,Emilia-Romagna_chunk_55.vrp,9684900.0,180.14,OK
Emilia-Romagna,Emilia-Romagna_chunk_56.vrp,6073870.0,180.19,OK
Emilia-Romagna,Emilia-Romagna_chunk_57.vrp,4987130.0,180.35,OK
Emilia-Romagna,Emilia-Romagna_chunk_58.vrp,8009860.0,180.28,OK
Emilia-Romagna,Emilia-Romagna_chunk_59.vrp,2956590.0,180.17,OK
Emilia-Romagna,Emilia-Romagna_chunk_6.vrp,1530290.0,180.67,OK
Emilia-Romagna,Emilia-Romagna_chunk_60.vrp,9558640.0,182.13,OK
Emilia-Romagna,Emilia-Romagna_chunk_61.vrp,4876950.0,180.09,OK
Emilia-Romagna,Emilia-Romagna_chunk_62.vrp,4606900.0,183.26,OK
Emilia-Romagna,Emilia-Romagna_chunk_63.vrp,616984.0,180.15,OK
Emilia-Romagna,Emilia-Romagna_chunk_64.vrp,7511460.0,180.27,OK
Emilia-Romagna,Emilia-Romagna_chunk_65.vrp,11977900.0,181.84,OK
Emilia-Romagna,Emilia-Romagna_chunk_66.vrp,7765990.0,181.28,OK
Emilia-Romagna,Emilia-Romagna_chunk_67.vrp,7593910.0,185.86,OK
Emilia-Romagna,Emilia-Romagna_chunk_68.vrp,ERROR,0,No feasible route found in 60s.
Emilia-Romagna,Emilia-Romagna_chunk_69.vrp,7510120.0,180.22,OK
Emilia-Romagna,Emilia-Romagna_chunk_7.vrp,ERROR,0,"Crash: Command '['/home/ubuntu/cvrp/baselines/HGS-CVRP/build/hgs', '/home/ubuntu/cvrp/data/instances/hgs_partitions/Emilia-Romagna_partitions/Emilia-Romagna_chunk_7.vrp', '/home/ubuntu/cvrp/data/instances/hgs_partitions/Emilia-Romagna_partitions/Emilia-Romagna_chunk_7.sol', '-t', '180', '-seed', '42']' timed out after 190 seconds"
Emilia-Romagna,Emilia-Romagna_chunk_70.vrp,1993010.0,180.2,OK
Emilia-Romagna,Emilia-Romagna_chunk_71.vrp,4331810.0,181.16,OK
Emilia-Romagna,Emilia-Romagna_chunk_72.vrp,ERROR,0,"Crash: Command '['/home/ubuntu/cvrp/baselines/HGS-CVRP/build/hgs', '/home/ubuntu/cvrp/data/instances/hgs_partitions/Emilia-Romagna_partitions/Emilia-Romagna_chunk_72.vrp', '/home/ubuntu/cvrp/data/instances/hgs_partitions/Emilia-Romagna_partitions/Emilia-Romagna_chunk_72.sol', '-t', '180', '-seed', '42']' timed out after 190 seconds"
Emilia-Romagna,Emilia-Romagna_chunk_73.vrp,3088990.0,180.06,OK
Emilia-Romagna,Emilia-Romagna_chunk_74.vrp,4203560.0,180.7,OK
Emilia-Romagna,Emilia-Romagna_chunk_75_sweep_0.vrp,12091800.0,180.2,OK
Emilia-Romagna,Emilia-Romagna_chunk_75_sweep_1.vrp,ERROR,0,No feasible route found in 60s.
Emilia-Romagna,Emilia-Romagna_chunk_75_sweep_2.vrp,12019000.0,180.84,OK
Emilia-Romagna,Emilia-Romagna_chunk_75_sweep_3.vrp,12287800.0,180.44,OK
Emilia-Romagna,Emilia-Romagna_chunk_76.vrp,5399480.0,181.57,OK
Emilia-Romagna,Emilia-Romagna_chunk_77.vrp,2903320.0,180.25,OK
Emilia-Romagna,Emilia-Romagna_chunk_78.vrp,ERROR,0,"Crash: Command '['/home/ubuntu/cvrp/baselines/HGS-CVRP/build/hgs', '/home/ubuntu/cvrp/data/instances/hgs_partitions/Emilia-Romagna_partitions/Emilia-Romagna_chunk_78.vrp', '/home/ubuntu/cvrp/data/instances/hgs_partitions/Emilia-Romagna_partitions/Emilia-Romagna_chunk_78.sol', '-t', '180', '-seed', '42']' timed out after 190 seconds"
Emilia-Romagna,Emilia-Romagna_chunk_79.vrp,4276830.0,180.22,OK
Emilia-Romagna,Emilia-Romagna_chunk_8.vrp,7869650.0,185.89,OK
Emilia-Romagna,Emilia-Romagna_chunk_80.vrp,11900800.0,186.42,OK
Emilia-Romagna,Emilia-Romagna_chunk_81.vrp,7221790.0,180.25,OK
Emilia-Romagna,Emilia-Romagna_chunk_82.vrp,ERROR,0,"Crash: Command '['/home/ubuntu/cvrp/baselines/HGS-CVRP/build/hgs', '/home/ubuntu/cvrp/data/instances/hgs_partitions/Emilia-Romagna_partitions/Emilia-Romagna_chunk_82.vrp', '/home/ubuntu/cvrp/data/instances/hgs_partitions/Emilia-Romagna_partitions/Emilia-Romagna_chunk_82.sol', '-t', '180', '-seed', '42']' timed out after 190 seconds"
Emilia-Romagna,Emilia-Romagna_chunk_83.vrp,ERROR,0,"Crash: Command '['/home/ubuntu/cvrp/baselines/HGS-CVRP/build/hgs', '/home/ubuntu/cvrp/data/instances/hgs_partitions/Emilia-Romagna_partitions/Emilia-Romagna_chunk_83.vrp', '/home/ubuntu/cvrp/data/instances/hgs_partitions/Emilia-Romagna_partitions/Emilia-Romagna_chunk_83.sol', '-t', '180', '-seed', '42']' timed out after 190 seconds"
Emilia-Romagna,Emilia-Romagna_chunk_84.vrp,6560630.0,184.62,OK
Emilia-Romagna,Emilia-Romagna_chunk_85_sweep_0.vrp,ERROR,0,No feasible route found in 60s.
Emilia-Romagna,Emilia-Romagna_chunk_85_sweep_1.vrp,ERROR,0,No feasible route found in 60s.
Emilia-Romagna,Emilia-Romagna_chunk_85_sweep_2.vrp,15594200.0,180.19,OK
Emilia-Romagna,Emilia-Romagna_chunk_85_sweep_3.vrp,ERROR,0,No feasible route found in 60s.
Emilia-Romagna,Emilia-Romagna_chunk_85_sweep_4.vrp,ERROR,0,No feasible route found in 60s.
Emilia-Romagna,Emilia-Romagna_chunk_85_sweep_5.vrp,15857800.0,180.49,OK
Emilia-Romagna,Emilia-Romagna_chunk_86.vrp,ERROR,0,No feasible route found in 60s.
Emilia-Romagna,Emilia-Romagna_chunk_87.vrp,ERROR,0,No feasible route found in 60s.
Emilia-Romagna,Emilia-Romagna_chunk_88.vrp,3756770.0,181.41,OK
Emilia-Romagna,Emilia-Romagna_chunk_89.vrp,ERROR,0,"Crash: Command '['/home/ubuntu/cvrp/baselines/HGS-CVRP/build/hgs', '/home/ubuntu/cvrp/data/instances/hgs_partitions/Emilia-Romagna_partitions/Emilia-Romagna_chunk_89.vrp', '/home/ubuntu/cvrp/data/instances/hgs_partitions/Emilia-Romagna_partitions/Emilia-Romagna_chunk_89.sol', '-t', '180', '-seed', '42']' timed out after 190 seconds"
Emilia-Romagna,Emilia-Romagna_chunk_90.vrp,847000.0,180.1,OK
Emilia-Romagna,Emilia-Romagna_chunk_91.vrp,ERROR,0,"Crash: Command '['/home/ubuntu/cvrp/baselines/HGS-CVRP/build/hgs', '/home/ubuntu/cvrp/data/instances/hgs_partitions/Emilia-Romagna_partitions/Emilia-Romagna_chunk_91.vrp', '/home/ubuntu/cvrp/data/instances/hgs_partitions/Emilia-Romagna_partitions/Emilia-Romagna_chunk_91.sol', '-t', '180', '-seed', '42']' timed out after 190 seconds"
Emilia-Romagna,Emilia-Romagna_chunk_92.vrp,ERROR,0,"Crash: Command '['/home/ubuntu/cvrp/baselines/HGS-CVRP/build/hgs', '/home/ubuntu/cvrp/data/instances/hgs_partitions/Emilia-Romagna_partitions/Emilia-Romagna_chunk_92.vrp', '/home/ubuntu/cvrp/data/instances/hgs_partitions/Emilia-Romagna_partitions/Emilia-Romagna_chunk_92.sol', '-t', '180', '-seed', '42']' timed out after 190 seconds"
Emilia-Romagna,Emilia-Romagna_chunk_93.vrp,2973940.0,181.48,OK
Emilia-Romagna,Emilia-Romagna_chunk_94.vrp,9830790.0,180.09,OK
Emilia-Romagna,Emilia-Romagna_chunk_95.vrp,1754220.0,180.43,OK
Emilia-Romagna,Emilia-Romagna_chunk_96.vrp,ERROR,0,No feasible route found in 60s.
Emilia-Romagna,Emilia-Romagna_chunk_97.vrp,4903890.0,183.28,OK
Emilia-Romagna,Emilia-Romagna_chunk_98.vrp,ERROR,0,No feasible route found in 60s.
Emilia-Romagna,Emilia-Romagna_chunk_99.vrp,17283000.0,183.57,OK
Emilia-Romagna,Emilia-Romagna_chunk_9_sweep_0.vrp,12310900.0,180.2,OK
Emilia-Romagna,Emilia-Romagna_chunk_9_sweep_1.vrp,12362200.0,182.44,OK
Emilia-Romagna,Emilia-Romagna_chunk_9_sweep_2.vrp,ERROR,0,No feasible route found in 60s.
Emilia-Romagna,Emilia-Romagna_chunk_9_sweep_3.vrp,12153600.0,180.27,OK
Emilia-Romagna,Emilia-Romagna_chunk_9_sweep_4.vrp,ERROR,0,No feasible route found in 60s.
Emilia-Romagna,Emilia-Romagna_chunk_9_sweep_5.vrp,12633300.0,181.31,OK
Emilia-Romagna,Emilia-Romagna_chunk_9_sweep_6.vrp,ERROR,0,No feasible route found in 60s.
Emilia-Romagna,[TOTAL AGGREGATE],INCOMPLETE,3140139670.0,Only 447/555 succeeded
Lazio,Lazio_chunk_0.vrp,1328820.0,181.76,OK
Lazio,Lazio_chunk_1.vrp,7585650.0,180.28,OK
Lazio,Lazio_chunk_10.vrp,4863770.0,183.4,OK
Lazio,Lazio_chunk_100.vrp,ERROR,0,"Crash: Command '['/home/ubuntu/cvrp/baselines/HGS-CVRP/build/hgs', '/home/ubuntu/cvrp/data/instances/hgs_partitions/Lazio_partitions/Lazio_chunk_100.vrp', '/home/ubuntu/cvrp/data/instances/hgs_partitions/Lazio_partitions/Lazio_chunk_100.sol', '-t', '180', '-seed', '42']' timed out after 190 seconds"
Lazio,Lazio_chunk_101.vrp,3031970.0,180.16,OK
Lazio,Lazio_chunk_102.vrp,3090030.0,180.33,OK
Lazio,Lazio_chunk_103.vrp,ERROR,0,No feasible route found in 60s.
Lazio,Lazio_chunk_104.vrp,2594230.0,182.12,OK
Lazio,Lazio_chunk_105.vrp,3226500.0,188.0,OK
Lazio,Lazio_chunk_106.vrp,8744660.0,185.88,OK
Lazio,Lazio_chunk_107.vrp,4664340.0,180.14,OK
Lazio,Lazio_chunk_108.vrp,9027290.0,185.23,OK
Lazio,Lazio_chunk_109.vrp,1572930.0,182.76,OK
Lazio,Lazio_chunk_11.vrp,4779500.0,180.45,OK
Lazio,Lazio_chunk_110.vrp,6051660.0,180.15,OK
Lazio,Lazio_chunk_111.vrp,3442580.0,180.18,OK
Lazio,Lazio_chunk_112.vrp,7357610.0,183.6,OK
Lazio,Lazio_chunk_113.vrp,15558300.0,182.6,OK
Lazio,Lazio_chunk_114.vrp,ERROR,0,No feasible route found in 60s.
Lazio,Lazio_chunk_115.vrp,9882250.0,181.48,OK
Lazio,Lazio_chunk_116.vrp,4397640.0,186.66,OK
Lazio,Lazio_chunk_117.vrp,ERROR,0,"Crash: Command '['/home/ubuntu/cvrp/baselines/HGS-CVRP/build/hgs', '/home/ubuntu/cvrp/data/instances/hgs_partitions/Lazio_partitions/Lazio_chunk_117.vrp', '/home/ubuntu/cvrp/data/instances/hgs_partitions/Lazio_partitions/Lazio_chunk_117.sol', '-t', '180', '-seed', '42']' timed out after 190 seconds"
Lazio,Lazio_chunk_118.vrp,1174360.0,180.16,OK
Lazio,Lazio_chunk_119.vrp,8746760.0,180.85,OK
Lazio,Lazio_chunk_12.vrp,16481000.0,181.04,OK
Lazio,Lazio_chunk_120.vrp,3710450.0,180.2,OK
Lazio,Lazio_chunk_121.vrp,ERROR,0,"Crash: Command '['/home/ubuntu/cvrp/baselines/HGS-CVRP/build/hgs', '/home/ubuntu/cvrp/data/instances/hgs_partitions/Lazio_partitions/Lazio_chunk_121.vrp', '/home/ubuntu/cvrp/data/instances/hgs_partitions/Lazio_partitions/Lazio_chunk_121.sol', '-t', '180', '-seed', '42']' timed out after 190 seconds"
Lazio,Lazio_chunk_122.vrp,ERROR,0,"Crash: Command '['/home/ubuntu/cvrp/baselines/HGS-CVRP/build/hgs', '/home/ubuntu/cvrp/data/instances/hgs_partitions/Lazio_partitions/Lazio_chunk_122.vrp', '/home/ubuntu/cvrp/data/instances/hgs_partitions/Lazio_partitions/Lazio_chunk_122.sol', '-t', '180', '-seed', '42']' timed out after 190 seconds"
Lazio,Lazio_chunk_123.vrp,3576470.0,180.09,OK
Lazio,Lazio_chunk_124.vrp,3030430.0,180.55,OK
Lazio,Lazio_chunk_125.vrp,ERROR,0,"Crash: Command '['/home/ubuntu/cvrp/baselines/HGS-CVRP/build/hgs', '/home/ubuntu/cvrp/data/instances/hgs_partitions/Lazio_partitions/Lazio_chunk_125.vrp', '/home/ubuntu/cvrp/data/instances/hgs_partitions/Lazio_partitions/Lazio_chunk_125.sol', '-t', '180', '-seed', '42']' timed out after 190 seconds"
Lazio,Lazio_chunk_126.vrp,12006700.0,181.64,OK
Lazio,Lazio_chunk_127.vrp,1742780.0,180.07,OK
Lazio,Lazio_chunk_128.vrp,10445600.0,180.95,OK
Lazio,Lazio_chunk_129.vrp,2029940.0,180.09,OK
Lazio,Lazio_chunk_13.vrp,8251920.0,184.22,OK
Lazio,Lazio_chunk_130.vrp,17571100.0,185.86,OK
Lazio,Lazio_chunk_131.vrp,8199770.0,182.57,OK
Lazio,Lazio_chunk_132.vrp,2215870.0,181.5,OK
Lazio,Lazio_chunk_133.vrp,5067380.0,180.3,OK
Lazio,Lazio_chunk_134.vrp,9960000.0,186.8,OK
Lazio,Lazio_chunk_135.vrp,3332740.0,180.76,OK
Lazio,Lazio_chunk_136.vrp,11298500.0,181.83,OK
Lazio,Lazio_chunk_137.vrp,ERROR,0,"Crash: Command '['/home/ubuntu/cvrp/baselines/HGS-CVRP/build/hgs', '/home/ubuntu/cvrp/data/instances/hgs_partitions/Lazio_partitions/Lazio_chunk_137.vrp', '/home/ubuntu/cvrp/data/instances/hgs_partitions/Lazio_partitions/Lazio_chunk_137.sol', '-t', '180', '-seed', '42']' timed out after 190 seconds"
Lazio,Lazio_chunk_138.vrp,12038500.0,182.08,OK
Lazio,Lazio_chunk_139.vrp,2529720.0,180.15,OK
Lazio,Lazio_chunk_14.vrp,7401660.0,189.77,OK
Lazio,Lazio_chunk_140.vrp,1754640.0,186.77,OK
Lazio,Lazio_chunk_141.vrp,5766680.0,180.05,OK
Lazio,Lazio_chunk_142.vrp,ERROR,0,No feasible route found in 60s.
Lazio,Lazio_chunk_143.vrp,13448200.0,181.31,OK
Lazio,Lazio_chunk_144.vrp,8035610.0,182.26,OK
Lazio,Lazio_chunk_145.vrp,2635750.0,180.2,OK
Lazio,Lazio_chunk_146.vrp,14706200.0,184.3,OK
Lazio,Lazio_chunk_147.vrp,5202760.0,183.17,OK
Lazio,Lazio_chunk_148.vrp,8007660.0,180.48,OK
Lazio,Lazio_chunk_149.vrp,4379820.0,181.59,OK
Lazio,Lazio_chunk_15.vrp,2599120.0,180.26,OK
Lazio,Lazio_chunk_150.vrp,4168320.0,188.16,OK
Lazio,Lazio_chunk_151.vrp,ERROR,0,"Crash: Command '['/home/ubuntu/cvrp/baselines/HGS-CVRP/build/hgs', '/home/ubuntu/cvrp/data/instances/hgs_partitions/Lazio_partitions/Lazio_chunk_151.vrp', '/home/ubuntu/cvrp/data/instances/hgs_partitions/Lazio_partitions/Lazio_chunk_151.sol', '-t', '180', '-seed', '42']' timed out after 190 seconds"
Lazio,Lazio_chunk_152.vrp,4611170.0,180.08,OK
Lazio,Lazio_chunk_153.vrp,17191500.0,188.11,OK
Lazio,Lazio_chunk_154.vrp,8532390.0,180.77,OK
Lazio,Lazio_chunk_155.vrp,6126730.0,180.49,OK
Lazio,Lazio_chunk_156.vrp,2940920.0,181.21,OK
Lazio,Lazio_chunk_157.vrp,4412180.0,180.28,OK
Lazio,Lazio_chunk_158.vrp,4916820.0,180.62,OK
Lazio,Lazio_chunk_159.vrp,11761200.0,182.68,OK
Lazio,Lazio_chunk_16.vrp,6787680.0,180.74,OK
Lazio,Lazio_chunk_160.vrp,ERROR,0,No feasible route found in 60s.
Lazio,Lazio_chunk_161.vrp,3434240.0,180.52,OK
Lazio,Lazio_chunk_162.vrp,607419.0,180.05,OK
Lazio,Lazio_chunk_163.vrp,ERROR,0,"Crash: Command '['/home/ubuntu/cvrp/baselines/HGS-CVRP/build/hgs', '/home/ubuntu/cvrp/data/instances/hgs_partitions/Lazio_partitions/Lazio_chunk_163.vrp', '/home/ubuntu/cvrp/data/instances/hgs_partitions/Lazio_partitions/Lazio_chunk_163.sol', '-t', '180', '-seed', '42']' timed out after 190 seconds"
Lazio,Lazio_chunk_164.vrp,1879540.0,182.7,OK
Lazio,Lazio_chunk_165.vrp,8598290.0,182.03,OK
Lazio,Lazio_chunk_166.vrp,8085630.0,180.37,OK
Lazio,Lazio_chunk_167.vrp,20250600.0,180.48,OK
Lazio,Lazio_chunk_168.vrp,ERROR,0,"Crash: Command '['/home/ubuntu/cvrp/baselines/HGS-CVRP/build/hgs', '/home/ubuntu/cvrp/data/instances/hgs_partitions/Lazio_partitions/Lazio_chunk_168.vrp', '/home/ubuntu/cvrp/data/instances/hgs_partitions/Lazio_partitions/Lazio_chunk_168.sol', '-t', '180', '-seed', '42']' timed out after 190 seconds"
Lazio,Lazio_chunk_169.vrp,16175700.0,184.25,OK
Lazio,Lazio_chunk_17.vrp,2167650.0,180.36,OK
Lazio,Lazio_chunk_170.vrp,6895680.0,180.7,OK
Lazio,Lazio_chunk_171.vrp,13200900.0,183.3,OK
Lazio,Lazio_chunk_172.vrp,941490.0,180.05,OK
Lazio,Lazio_chunk_173.vrp,ERROR,0,"Crash: Command '['/home/ubuntu/cvrp/baselines/HGS-CVRP/build/hgs', '/home/ubuntu/cvrp/data/instances/hgs_partitions/Lazio_partitions/Lazio_chunk_173.vrp', '/home/ubuntu/cvrp/data/instances/hgs_partitions/Lazio_partitions/Lazio_chunk_173.sol', '-t', '180', '-seed', '42']' timed out after 190 seconds"
Lazio,Lazio_chunk_174.vrp,2864690.0,185.08,OK
Lazio,Lazio_chunk_175.vrp,6096780.0,182.14,OK
Lazio,Lazio_chunk_176.vrp,10602200.0,180.69,OK
Lazio,Lazio_chunk_177.vrp,2400520.0,180.86,OK
Lazio,Lazio_chunk_178.vrp,4117170.0,180.1,OK
Lazio,Lazio_chunk_179.vrp,3588190.0,180.06,OK
Lazio,Lazio_chunk_180.vrp,ERROR,0,"Crash: Command '['/home/ubuntu/cvrp/baselines/HGS-CVRP/build/hgs', '/home/ubuntu/cvrp/data/instances/hgs_partitions/Lazio_partitions/Lazio_chunk_180.vrp', '/home/ubuntu/cvrp/data/instances/hgs_partitions/Lazio_partitions/Lazio_chunk_180.sol', '-t', '180', '-seed', '42']' timed out after 190 seconds"
Lazio,Lazio_chunk_181.vrp,5643460.0,185.37,OK
Lazio,Lazio_chunk_182.vrp,ERROR,0,No feasible route found in 60s.
Lazio,Lazio_chunk_183.vrp,2356220.0,186.08,OK
Lazio,Lazio_chunk_184.vrp,5955660.0,180.27,OK
Lazio,Lazio_chunk_185.vrp,2518890.0,183.18,OK
Lazio,Lazio_chunk_186.vrp,2422340.0,180.05,OK
Lazio,Lazio_chunk_187.vrp,2767210.0,180.76,OK
Lazio,Lazio_chunk_188.vrp,4927700.0,188.42,OK
Lazio,Lazio_chunk_189.vrp,ERROR,0,"Crash: Command '['/home/ubuntu/cvrp/baselines/HGS-CVRP/build/hgs', '/home/ubuntu/cvrp/data/instances/hgs_partitions/Lazio_partitions/Lazio_chunk_189.vrp', '/home/ubuntu/cvrp/data/instances/hgs_partitions/Lazio_partitions/Lazio_chunk_189.sol', '-t', '180', '-seed', '42']' timed out after 190 seconds"
Lazio,Lazio_chunk_18_sweep_0.vrp,10403300.0,180.78,OK
Lazio,Lazio_chunk_18_sweep_1.vrp,10474000.0,180.57,OK
Lazio,Lazio_chunk_18_sweep_2.vrp,10698900.0,182.06,OK
Lazio,Lazio_chunk_18_sweep_3.vrp,10762700.0,182.38,OK
Lazio,Lazio_chunk_19.vrp,ERROR,0,"Crash: Command '['/home/ubuntu/cvrp/baselines/HGS-CVRP/build/hgs', '/home/ubuntu/cvrp/data/instances/hgs_partitions/Lazio_partitions/Lazio_chunk_19.vrp', '/home/ubuntu/cvrp/data/instances/hgs_partitions/Lazio_partitions/Lazio_chunk_19.sol', '-t', '180', '-seed', '42']' timed out after 190 seconds"
Lazio,Lazio_chunk_190.vrp,4684510.0,180.84,OK
Lazio,Lazio_chunk_191.vrp,10615100.0,180.61,OK
Lazio,Lazio_chunk_192.vrp,13112800.0,188.68,OK
Lazio,Lazio_chunk_193.vrp,5668160.0,188.33,OK
Lazio,Lazio_chunk_194.vrp,ERROR,0,"Crash: Command '['/home/ubuntu/cvrp/baselines/HGS-CVRP/build/hgs', '/home/ubuntu/cvrp/data/instances/hgs_partitions/Lazio_partitions/Lazio_chunk_194.vrp', '/home/ubuntu/cvrp/data/instances/hgs_partitions/Lazio_partitions/Lazio_chunk_194.sol', '-t', '180', '-seed', '42']' timed out after 190 seconds"
Lazio,Lazio_chunk_195.vrp,18482300.0,181.45,OK
Lazio,Lazio_chunk_196.vrp,2172420.0,182.82,OK
Lazio,Lazio_chunk_197.vrp,1134390.0,180.25,OK
Lazio,Lazio_chunk_198.vrp,1505850.0,180.09,OK
Lazio,Lazio_chunk_199.vrp,9511690.0,181.95,OK
Lazio,Lazio_chunk_2.vrp,1323640.0,180.03,OK
Lazio,Lazio_chunk_20.vrp,1313850.0,181.75,OK
Lazio,Lazio_chunk_200.vrp,3725620.0,180.33,OK
Lazio,Lazio_chunk_201.vrp,1703340.0,180.28,OK
Lazio,Lazio_chunk_202.vrp,2813310.0,180.31,OK
Lazio,Lazio_chunk_203.vrp,4612990.0,180.18,OK
Lazio,Lazio_chunk_204.vrp,ERROR,0,"Crash: Command '['/home/ubuntu/cvrp/baselines/HGS-CVRP/build/hgs', '/home/ubuntu/cvrp/data/instances/hgs_partitions/Lazio_partitions/Lazio_chunk_204.vrp', '/home/ubuntu/cvrp/data/instances/hgs_partitions/Lazio_partitions/Lazio_chunk_204.sol', '-t', '180', '-seed', '42']' timed out after 190 seconds"
Lazio,Lazio_chunk_205.vrp,3969150.0,181.64,OK
Lazio,Lazio_chunk_206.vrp,5443200.0,180.32,OK
Lazio,Lazio_chunk_207.vrp,8566080.0,181.62,OK
Lazio,Lazio_chunk_208.vrp,2498120.0,180.41,OK
Lazio,Lazio_chunk_209.vrp,3484430.0,180.09,OK
Lazio,Lazio_chunk_21.vrp,791633.0,180.15,OK
Lazio,Lazio_chunk_210.vrp,5738660.0,182.19,OK
Lazio,Lazio_chunk_211.vrp,2994910.0,188.7,OK
Lazio,Lazio_chunk_212.vrp,3084230.0,180.21,OK
Lazio,Lazio_chunk_213.vrp,3619300.0,180.88,OK
Lazio,Lazio_chunk_214.vrp,ERROR,0,"Crash: Command '['/home/ubuntu/cvrp/baselines/HGS-CVRP/build/hgs', '/home/ubuntu/cvrp/data/instances/hgs_partitions/Lazio_partitions/Lazio_chunk_214.vrp', '/home/ubuntu/cvrp/data/instances/hgs_partitions/Lazio_partitions/Lazio_chunk_214.sol', '-t', '180', '-seed', '42']' timed out after 190 seconds"
Lazio,Lazio_chunk_215.vrp,2297600.0,180.24,OK
Lazio,Lazio_chunk_216.vrp,7853200.0,180.17,OK
Lazio,Lazio_chunk_217.vrp,1038920.0,180.2,OK
Lazio,Lazio_chunk_218.vrp,5975760.0,185.79,OK
Lazio,Lazio_chunk_219.vrp,5111160.0,180.44,OK
Lazio,Lazio_chunk_22.vrp,1527480.0,182.26,OK
Lazio,Lazio_chunk_220.vrp,13089600.0,181.98,OK
Lazio,Lazio_chunk_221.vrp,3506730.0,185.69,OK
Lazio,Lazio_chunk_222.vrp,1631020.0,180.29,OK
Lazio,Lazio_chunk_223.vrp,2711250.0,180.67,OK
Lazio,Lazio_chunk_224.vrp,ERROR,0,No feasible route found in 60s.
Lazio,Lazio_chunk_225.vrp,9873350.0,180.33,OK
Lazio,Lazio_chunk_226.vrp,11402700.0,185.53,OK
Lazio,Lazio_chunk_227.vrp,2874490.0,180.6,OK
Lazio,Lazio_chunk_228.vrp,3246790.0,180.48,OK
Lazio,Lazio_chunk_229.vrp,5057740.0,180.86,OK
Lazio,Lazio_chunk_23.vrp,10317300.0,180.29,OK
Lazio,Lazio_chunk_230.vrp,4855360.0,181.1,OK
Lazio,Lazio_chunk_231.vrp,ERROR,0,"Crash: Command '['/home/ubuntu/cvrp/baselines/HGS-CVRP/build/hgs', '/home/ubuntu/cvrp/data/instances/hgs_partitions/Lazio_partitions/Lazio_chunk_231.vrp', '/home/ubuntu/cvrp/data/instances/hgs_partitions/Lazio_partitions/Lazio_chunk_231.sol', '-t', '180', '-seed', '42']' timed out after 190 seconds"
Lazio,Lazio_chunk_232.vrp,1832560.0,180.11,OK
Lazio,Lazio_chunk_233.vrp,991800.0,181.31,OK
Lazio,Lazio_chunk_234.vrp,7174240.0,188.1,OK
Lazio,Lazio_chunk_235.vrp,4022030.0,180.46,OK
Lazio,Lazio_chunk_236.vrp,1752260.0,180.35,OK
Lazio,Lazio_chunk_237.vrp,3765170.0,187.27,OK
Lazio,Lazio_chunk_238.vrp,2366680.0,186.36,OK
Lazio,Lazio_chunk_239.vrp,8148050.0,181.77,OK
Lazio,Lazio_chunk_24.vrp,16403800.0,181.28,OK
Lazio,Lazio_chunk_240.vrp,1857090.0,180.58,OK
Lazio,Lazio_chunk_241.vrp,ERROR,0,No feasible route found in 60s.
Lazio,Lazio_chunk_242.vrp,ERROR,0,"Crash: Command '['/home/ubuntu/cvrp/baselines/HGS-CVRP/build/hgs', '/home/ubuntu/cvrp/data/instances/hgs_partitions/Lazio_partitions/Lazio_chunk_242.vrp', '/home/ubuntu/cvrp/data/instances/hgs_partitions/Lazio_partitions/Lazio_chunk_242.sol', '-t', '180', '-seed', '42']' timed out after 190 seconds"
Lazio,Lazio_chunk_243.vrp,5149000.0,180.86,OK
Lazio,Lazio_chunk_244.vrp,4946930.0,183.84,OK
Lazio,Lazio_chunk_245.vrp,5465550.0,184.91,OK
Lazio,Lazio_chunk_246.vrp,5962610.0,183.06,OK
Lazio,Lazio_chunk_247.vrp,2555820.0,189.92,OK
Lazio,Lazio_chunk_248.vrp,3325180.0,181.63,OK
Lazio,Lazio_chunk_249.vrp,14313700.0,186.19,OK
Lazio,Lazio_chunk_25.vrp,ERROR,0,"Crash: Command '['/home/ubuntu/cvrp/baselines/HGS-CVRP/build/hgs', '/home/ubuntu/cvrp/data/instances/hgs_partitions/Lazio_partitions/Lazio_chunk_25.vrp', '/home/ubuntu/cvrp/data/instances/hgs_partitions/Lazio_partitions/Lazio_chunk_25.sol', '-t', '180', '-seed', '42']' timed out after 190 seconds"
Lazio,Lazio_chunk_250.vrp,1838160.0,180.07,OK
Lazio,Lazio_chunk_251.vrp,2076130.0,180.03,OK
Lazio,Lazio_chunk_252.vrp,4420820.0,180.26,OK
Lazio,Lazio_chunk_253.vrp,11793600.0,181.6,OK
Lazio,Lazio_chunk_254.vrp,3967380.0,180.12,OK
Lazio,Lazio_chunk_255.vrp,2142360.0,180.05,OK
Lazio,Lazio_chunk_256.vrp,ERROR,0,"Crash: Command '['/home/ubuntu/cvrp/baselines/HGS-CVRP/build/hgs', '/home/ubuntu/cvrp/data/instances/hgs_partitions/Lazio_partitions/Lazio_chunk_256.vrp', '/home/ubuntu/cvrp/data/instances/hgs_partitions/Lazio_partitions/Lazio_chunk_256.sol', '-t', '180', '-seed', '42']' timed out after 190 seconds"
Lazio,Lazio_chunk_257.vrp,1437470.0,180.27,OK
Lazio,Lazio_chunk_258.vrp,ERROR,0,"Crash: Command '['/home/ubuntu/cvrp/baselines/HGS-CVRP/build/hgs', '/home/ubuntu/cvrp/data/instances/hgs_partitions/Lazio_partitions/Lazio_chunk_258.vrp', '/home/ubuntu/cvrp/data/instances/hgs_partitions/Lazio_partitions/Lazio_chunk_258.sol', '-t', '180', '-seed', '42']' timed out after 190 seconds"
Lazio,Lazio_chunk_259.vrp,4371700.0,185.85,OK
Lazio,Lazio_chunk_26.vrp,11881800.0,182.12,OK
Lazio,Lazio_chunk_260.vrp,ERROR,0,No feasible route found in 60s.
Lazio,Lazio_chunk_261.vrp,4236520.0,182.1,OK
Lazio,Lazio_chunk_262.vrp,ERROR,0,No feasible route found in 60s.
Lazio,Lazio_chunk_263.vrp,1519600.0,180.03,OK
Lazio,Lazio_chunk_264.vrp,5422680.0,180.15,OK
Lazio,Lazio_chunk_265.vrp,ERROR,0,No feasible route found in 60s.
Lazio,Lazio_chunk_266.vrp,4248330.0,180.16,OK
Lazio,Lazio_chunk_267.vrp,6684810.0,184.89,OK
Lazio,Lazio_chunk_268.vrp,12092000.0,180.18,OK
Lazio,Lazio_chunk_269.vrp,6364890.0,181.49,OK
Lazio,Lazio_chunk_27.vrp,1835090.0,183.19,OK
Lazio,Lazio_chunk_270.vrp,3576870.0,181.93,OK
Lazio,Lazio_chunk_271.vrp,2575500.0,182.54,OK
Lazio,Lazio_chunk_272.vrp,6604290.0,182.59,OK
Lazio,Lazio_chunk_273.vrp,2577250.0,182.01,OK
Lazio,Lazio_chunk_274.vrp,2737380.0,180.07,OK
Lazio,Lazio_chunk_275.vrp,7059620.0,181.62,OK
Lazio,Lazio_chunk_276.vrp,7105850.0,180.32,OK
Lazio,Lazio_chunk_277.vrp,ERROR,0,No feasible route found in 60s.
Lazio,Lazio_chunk_278.vrp,11319400.0,180.57,OK
Lazio,Lazio_chunk_279.vrp,1849980.0,180.05,OK
Lazio,Lazio_chunk_28.vrp,791160.0,180.07,OK
Lazio,Lazio_chunk_280.vrp,2195810.0,180.23,OK
Lazio,Lazio_chunk_281.vrp,2299830.0,181.87,OK
Lazio,Lazio_chunk_282.vrp,4206560.0,180.36,OK
Lazio,Lazio_chunk_283.vrp,3483140.0,185.34,OK
Lazio,Lazio_chunk_284.vrp,ERROR,0,"Crash: Command '['/home/ubuntu/cvrp/baselines/HGS-CVRP/build/hgs', '/home/ubuntu/cvrp/data/instances/hgs_partitions/Lazio_partitions/Lazio_chunk_284.vrp', '/home/ubuntu/cvrp/data/instances/hgs_partitions/Lazio_partitions/Lazio_chunk_284.sol', '-t', '180', '-seed', '42']' timed out after 190 seconds"
Lazio,Lazio_chunk_285.vrp,6886710.0,180.48,OK
Lazio,Lazio_chunk_286.vrp,1289410.0,180.37,OK
Lazio,Lazio_chunk_287.vrp,5774940.0,181.93,OK
Lazio,Lazio_chunk_288.vrp,ERROR,0,"Crash: Command '['/home/ubuntu/cvrp/baselines/HGS-CVRP/build/hgs', '/home/ubuntu/cvrp/data/instances/hgs_partitions/Lazio_partitions/Lazio_chunk_288.vrp', '/home/ubuntu/cvrp/data/instances/hgs_partitions/Lazio_partitions/Lazio_chunk_288.sol', '-t', '180', '-seed', '42']' timed out after 190 seconds"
Lazio,Lazio_chunk_289.vrp,ERROR,0,"Crash: Command '['/home/ubuntu/cvrp/baselines/HGS-CVRP/build/hgs', '/home/ubuntu/cvrp/data/instances/hgs_partitions/Lazio_partitions/Lazio_chunk_289.vrp', '/home/ubuntu/cvrp/data/instances/hgs_partitions/Lazio_partitions/Lazio_chunk_289.sol', '-t', '180', '-seed', '42']' timed out after 190 seconds"
Lazio,Lazio_chunk_29.vrp,7785270.0,180.5,OK
Lazio,Lazio_chunk_290.vrp,3021040.0,183.21,OK
Lazio,Lazio_chunk_291.vrp,1992470.0,180.2,OK
Lazio,Lazio_chunk_292.vrp,1820070.0,180.21,OK
Lazio,Lazio_chunk_293.vrp,5201780.0,180.04,OK
Lazio,Lazio_chunk_294.vrp,6977950.0,180.22,OK
Lazio,Lazio_chunk_295.vrp,2165200.0,180.2,OK
Lazio,Lazio_chunk_296.vrp,3366500.0,180.23,OK
Lazio,Lazio_chunk_297.vrp,4447600.0,183.13,OK
Lazio,Lazio_chunk_298.vrp,873561.0,182.57,OK
Lazio,Lazio_chunk_299.vrp,1467380.0,180.64,OK
Lazio,Lazio_chunk_3.vrp,ERROR,0,"Crash: Command '['/home/ubuntu/cvrp/baselines/HGS-CVRP/build/hgs', '/home/ubuntu/cvrp/data/instances/hgs_partitions/Lazio_partitions/Lazio_chunk_3.vrp', '/home/ubuntu/cvrp/data/instances/hgs_partitions/Lazio_partitions/Lazio_chunk_3.sol', '-t', '180', '-seed', '42']' timed out after 190 seconds"
Lazio,Lazio_chunk_30.vrp,1065490.0,180.04,OK
Lazio,Lazio_chunk_300.vrp,6730810.0,181.04,OK
Lazio,Lazio_chunk_301.vrp,12927300.0,181.36,OK
Lazio,Lazio_chunk_302.vrp,6667400.0,180.28,OK
Lazio,Lazio_chunk_303.vrp,7632720.0,180.11,OK
Lazio,Lazio_chunk_304.vrp,3493350.0,180.43,OK
Lazio,Lazio_chunk_305.vrp,3747400.0,182.69,OK
Lazio,Lazio_chunk_306.vrp,999394.0,180.13,OK
Lazio,Lazio_chunk_307.vrp,2297010.0,180.09,OK
Lazio,Lazio_chunk_308.vrp,6142200.0,180.12,OK
Lazio,Lazio_chunk_309.vrp,1261430.0,180.02,OK
Lazio,Lazio_chunk_31.vrp,19186200.0,189.59,OK
Lazio,Lazio_chunk_310.vrp,10585900.0,181.0,OK
Lazio,Lazio_chunk_311.vrp,2429520.0,181.96,OK
Lazio,Lazio_chunk_312.vrp,8123300.0,180.47,OK
Lazio,Lazio_chunk_313.vrp,12649800.0,183.72,OK
Lazio,Lazio_chunk_314.vrp,2104810.0,180.18,OK
Lazio,Lazio_chunk_315.vrp,2551000.0,180.06,OK
Lazio,Lazio_chunk_316.vrp,7923660.0,182.89,OK
Lazio,Lazio_chunk_317.vrp,8861890.0,180.27,OK
Lazio,Lazio_chunk_318.vrp,2011790.0,180.1,OK
Lazio,Lazio_chunk_319.vrp,6301000.0,180.19,OK
Lazio,Lazio_chunk_32.vrp,3085060.0,180.09,OK
Lazio,Lazio_chunk_320.vrp,2003520.0,180.31,OK
Lazio,Lazio_chunk_321.vrp,1489370.0,185.93,OK
Lazio,Lazio_chunk_322.vrp,2057800.0,181.84,OK
Lazio,Lazio_chunk_323.vrp,12678900.0,182.27,OK
Lazio,Lazio_chunk_324.vrp,2380930.0,180.08,OK
Lazio,Lazio_chunk_325.vrp,1075550.0,180.11,OK
Lazio,Lazio_chunk_326.vrp,1939790.0,180.09,OK
Lazio,Lazio_chunk_327.vrp,4475760.0,185.55,OK
Lazio,Lazio_chunk_328.vrp,1588310.0,180.24,OK
Lazio,Lazio_chunk_329.vrp,1837650.0,182.56,OK
Lazio,Lazio_chunk_33.vrp,2235210.0,182.27,OK
Lazio,Lazio_chunk_330.vrp,1627700.0,180.29,OK
Lazio,Lazio_chunk_331.vrp,1643340.0,180.22,OK
Lazio,Lazio_chunk_332.vrp,4177920.0,180.52,OK
Lazio,Lazio_chunk_333.vrp,6343220.0,181.88,OK
Lazio,Lazio_chunk_334.vrp,9475850.0,182.52,OK
Lazio,Lazio_chunk_335.vrp,ERROR,0,"Crash: Command '['/home/ubuntu/cvrp/baselines/HGS-CVRP/build/hgs', '/home/ubuntu/cvrp/data/instances/hgs_partitions/Lazio_partitions/Lazio_chunk_335.vrp', '/home/ubuntu/cvrp/data/instances/hgs_partitions/Lazio_partitions/Lazio_chunk_335.sol', '-t', '180', '-seed', '42']' timed out after 190 seconds"
Lazio,Lazio_chunk_336.vrp,5298470.0,180.11,OK
Lazio,Lazio_chunk_337.vrp,11144800.0,181.04,OK
Lazio,Lazio_chunk_338.vrp,1739520.0,180.04,OK
Lazio,Lazio_chunk_339.vrp,6492470.0,180.79,OK
Lazio,Lazio_chunk_34.vrp,7086040.0,180.18,OK
Lazio,Lazio_chunk_340.vrp,6772970.0,181.75,OK
Lazio,Lazio_chunk_341.vrp,ERROR,0,"Crash: Command '['/home/ubuntu/cvrp/baselines/HGS-CVRP/build/hgs', '/home/ubuntu/cvrp/data/instances/hgs_partitions/Lazio_partitions/Lazio_chunk_341.vrp', '/home/ubuntu/cvrp/data/instances/hgs_partitions/Lazio_partitions/Lazio_chunk_341.sol', '-t', '180', '-seed', '42']' timed out after 190 seconds"
Lazio,Lazio_chunk_342.vrp,2544340.0,180.07,OK
Lazio,Lazio_chunk_343.vrp,8634960.0,181.27,OK
Lazio,Lazio_chunk_344.vrp,3134020.0,180.27,OK
Lazio,Lazio_chunk_345.vrp,ERROR,0,No feasible route found in 60s.
Lazio,Lazio_chunk_346.vrp,1897220.0,180.05,OK
Lazio,Lazio_chunk_347.vrp,3525910.0,180.14,OK
Lazio,Lazio_chunk_348.vrp,7555700.0,183.66,OK
Lazio,Lazio_chunk_349.vrp,2599450.0,180.13,OK
Lazio,Lazio_chunk_35.vrp,ERROR,0,"Crash: Command '['/home/ubuntu/cvrp/baselines/HGS-CVRP/build/hgs', '/home/ubuntu/cvrp/data/instances/hgs_partitions/Lazio_partitions/Lazio_chunk_35.vrp', '/home/ubuntu/cvrp/data/instances/hgs_partitions/Lazio_partitions/Lazio_chunk_35.sol', '-t', '180', '-seed', '42']' timed out after 190 seconds"
Lazio,Lazio_chunk_350.vrp,3103730.0,180.68,OK
Lazio,Lazio_chunk_351.vrp,4069420.0,180.07,OK
Lazio,Lazio_chunk_352.vrp,2683470.0,180.26,OK
Lazio,Lazio_chunk_353.vrp,4151220.0,180.14,OK
Lazio,Lazio_chunk_354.vrp,2034100.0,180.04,OK
Lazio,Lazio_chunk_355.vrp,ERROR,0,"Crash: Command '['/home/ubuntu/cvrp/baselines/HGS-CVRP/build/hgs', '/home/ubuntu/cvrp/data/instances/hgs_partitions/Lazio_partitions/Lazio_chunk_355.vrp', '/home/ubuntu/cvrp/data/instances/hgs_partitions/Lazio_partitions/Lazio_chunk_355.sol', '-t', '180', '-seed', '42']' timed out after 190 seconds"
Lazio,Lazio_chunk_356.vrp,2846990.0,180.6,OK
Lazio,Lazio_chunk_357.vrp,2641640.0,180.43,OK
Lazio,Lazio_chunk_358.vrp,12032300.0,180.26,OK
Lazio,Lazio_chunk_359.vrp,7455520.0,180.14,OK
Lazio,Lazio_chunk_36.vrp,1945980.0,180.02,OK
Lazio,Lazio_chunk_360.vrp,2644770.0,181.25,OK
Lazio,Lazio_chunk_361.vrp,1303120.0,180.16,OK
Lazio,Lazio_chunk_362.vrp,6578700.0,180.86,OK
Lazio,Lazio_chunk_363.vrp,2149120.0,180.34,OK
Lazio,Lazio_chunk_364.vrp,1715920.0,180.09,OK
Lazio,Lazio_chunk_365.vrp,ERROR,0,"Crash: Command '['/home/ubuntu/cvrp/baselines/HGS-CVRP/build/hgs', '/home/ubuntu/cvrp/data/instances/hgs_partitions/Lazio_partitions/Lazio_chunk_365.vrp', '/home/ubuntu/cvrp/data/instances/hgs_partitions/Lazio_partitions/Lazio_chunk_365.sol', '-t', '180', '-seed', '42']' timed out after 190 seconds"
Lazio,Lazio_chunk_366.vrp,6349530.0,180.25,OK
Lazio,Lazio_chunk_367.vrp,4395480.0,180.18,OK
Lazio,Lazio_chunk_368.vrp,ERROR,0,"Crash: Command '['/home/ubuntu/cvrp/baselines/HGS-CVRP/build/hgs', '/home/ubuntu/cvrp/data/instances/hgs_partitions/Lazio_partitions/Lazio_chunk_368.vrp', '/home/ubuntu/cvrp/data/instances/hgs_partitions/Lazio_partitions/Lazio_chunk_368.sol', '-t', '180', '-seed', '42']' timed out after 190 seconds"
Lazio,Lazio_chunk_369.vrp,2715180.0,180.1,OK
Lazio,Lazio_chunk_37.vrp,1362460.0,180.44,OK
Lazio,Lazio_chunk_370.vrp,6373810.0,180.14,OK
Lazio,Lazio_chunk_371.vrp,3196270.0,181.35,OK
Lazio,Lazio_chunk_372.vrp,3495210.0,180.1,OK
Lazio,Lazio_chunk_373.vrp,ERROR,0,"Crash: Command '['/home/ubuntu/cvrp/baselines/HGS-CVRP/build/hgs', '/home/ubuntu/cvrp/data/instances/hgs_partitions/Lazio_partitions/Lazio_chunk_373.vrp', '/home/ubuntu/cvrp/data/instances/hgs_partitions/Lazio_partitions/Lazio_chunk_373.sol', '-t', '180', '-seed', '42']' timed out after 190 seconds"
Lazio,Lazio_chunk_374.vrp,4693690.0,180.28,OK
Lazio,Lazio_chunk_375.vrp,ERROR,0,"Crash: Command '['/home/ubuntu/cvrp/baselines/HGS-CVRP/build/hgs', '/home/ubuntu/cvrp/data/instances/hgs_partitions/Lazio_partitions/Lazio_chunk_375.vrp', '/home/ubuntu/cvrp/data/instances/hgs_partitions/Lazio_partitions/Lazio_chunk_375.sol', '-t', '180', '-seed', '42']' timed out after 190 seconds"
Lazio,Lazio_chunk_376.vrp,5096700.0,180.18,OK
Lazio,Lazio_chunk_377.vrp,2477820.0,183.76,OK
Lazio,Lazio_chunk_378.vrp,8228780.0,180.42,OK
Lazio,Lazio_chunk_379.vrp,7708320.0,180.43,OK
Lazio,Lazio_chunk_38.vrp,13728900.0,182.67,OK
Lazio,Lazio_chunk_380.vrp,5686690.0,180.07,OK
Lazio,Lazio_chunk_381.vrp,3347310.0,182.93,OK
Lazio,Lazio_chunk_382.vrp,5117220.0,180.13,OK
Lazio,Lazio_chunk_383.vrp,2382600.0,180.04,OK
Lazio,Lazio_chunk_384.vrp,6188430.0,180.29,OK
Lazio,Lazio_chunk_385.vrp,3394530.0,180.07,OK
Lazio,Lazio_chunk_386.vrp,3346660.0,181.04,OK
Lazio,Lazio_chunk_387.vrp,ERROR,0,No feasible route found in 60s.
Lazio,Lazio_chunk_388.vrp,2862690.0,183.88,OK
Lazio,Lazio_chunk_389.vrp,5841870.0,180.12,OK
Lazio,Lazio_chunk_39.vrp,1920520.0,180.07,OK
Lazio,Lazio_chunk_390.vrp,2222410.0,180.06,OK
Lazio,Lazio_chunk_391.vrp,12594100.0,181.89,OK
Lazio,Lazio_chunk_392.vrp,2323990.0,180.09,OK
Lazio,Lazio_chunk_393.vrp,7207970.0,182.55,OK
Lazio,Lazio_chunk_394.vrp,ERROR,0,"Crash: Command '['/home/ubuntu/cvrp/baselines/HGS-CVRP/build/hgs', '/home/ubuntu/cvrp/data/instances/hgs_partitions/Lazio_partitions/Lazio_chunk_394.vrp', '/home/ubuntu/cvrp/data/instances/hgs_partitions/Lazio_partitions/Lazio_chunk_394.sol', '-t', '180', '-seed', '42']' timed out after 190 seconds"
Lazio,Lazio_chunk_395.vrp,ERROR,0,"Crash: Command '['/home/ubuntu/cvrp/baselines/HGS-CVRP/build/hgs', '/home/ubuntu/cvrp/data/instances/hgs_partitions/Lazio_partitions/Lazio_chunk_395.vrp', '/home/ubuntu/cvrp/data/instances/hgs_partitions/Lazio_partitions/Lazio_chunk_395.sol', '-t', '180', '-seed', '42']' timed out after 190 seconds"
Lazio,Lazio_chunk_396.vrp,7588260.0,180.1,OK
Lazio,Lazio_chunk_397.vrp,1320720.0,180.99,OK
Lazio,Lazio_chunk_398.vrp,2406910.0,181.89,OK
Lazio,Lazio_chunk_399.vrp,2847850.0,181.15,OK
Lazio,Lazio_chunk_4.vrp,5198460.0,183.02,OK
Lazio,Lazio_chunk_40.vrp,12310700.0,180.98,OK
Lazio,Lazio_chunk_400.vrp,4071510.0,183.75,OK
Lazio,Lazio_chunk_401.vrp,6327580.0,180.27,OK
Lazio,Lazio_chunk_402.vrp,ERROR,0,"Crash: Command '['/home/ubuntu/cvrp/baselines/HGS-CVRP/build/hgs', '/home/ubuntu/cvrp/data/instances/hgs_partitions/Lazio_partitions/Lazio_chunk_402.vrp', '/home/ubuntu/cvrp/data/instances/hgs_partitions/Lazio_partitions/Lazio_chunk_402.sol', '-t', '180', '-seed', '42']' timed out after 190 seconds"
Lazio,Lazio_chunk_403.vrp,ERROR,0,"Crash: Command '['/home/ubuntu/cvrp/baselines/HGS-CVRP/build/hgs', '/home/ubuntu/cvrp/data/instances/hgs_partitions/Lazio_partitions/Lazio_chunk_403.vrp', '/home/ubuntu/cvrp/data/instances/hgs_partitions/Lazio_partitions/Lazio_chunk_403.sol', '-t', '180', '-seed', '42']' timed out after 190 seconds"
Lazio,Lazio_chunk_404.vrp,2977590.0,181.57,OK
Lazio,Lazio_chunk_405.vrp,2642530.0,183.82,OK
Lazio,Lazio_chunk_406.vrp,ERROR,0,"Crash: Command '['/home/ubuntu/cvrp/baselines/HGS-CVRP/build/hgs', '/home/ubuntu/cvrp/data/instances/hgs_partitions/Lazio_partitions/Lazio_chunk_406.vrp', '/home/ubuntu/cvrp/data/instances/hgs_partitions/Lazio_partitions/Lazio_chunk_406.sol', '-t', '180', '-seed', '42']' timed out after 190 seconds"
Lazio,Lazio_chunk_407.vrp,4945120.0,180.11,OK
Lazio,Lazio_chunk_408.vrp,1073990.0,180.58,OK
Lazio,Lazio_chunk_409.vrp,5187720.0,181.23,OK
Lazio,Lazio_chunk_41.vrp,2909570.0,180.14,OK
Lazio,Lazio_chunk_410.vrp,8196100.0,180.23,OK
Lazio,Lazio_chunk_411.vrp,9031230.0,180.18,OK
Lazio,Lazio_chunk_412.vrp,3752800.0,180.53,OK
Lazio,Lazio_chunk_413.vrp,2030400.0,186.99,OK
Lazio,Lazio_chunk_414.vrp,11724200.0,180.68,OK
Lazio,Lazio_chunk_415.vrp,675121.0,180.05,OK
Lazio,Lazio_chunk_416.vrp,3272330.0,187.22,OK
Lazio,Lazio_chunk_417.vrp,12765700.0,183.19,OK
Lazio,Lazio_chunk_418.vrp,12115300.0,183.12,OK
Lazio,Lazio_chunk_419.vrp,2735740.0,182.3,OK
Lazio,Lazio_chunk_42.vrp,8374560.0,180.13,OK
Lazio,Lazio_chunk_420.vrp,913649.0,180.21,OK
Lazio,Lazio_chunk_421.vrp,ERROR,0,"Crash: Command '['/home/ubuntu/cvrp/baselines/HGS-CVRP/build/hgs', '/home/ubuntu/cvrp/data/instances/hgs_partitions/Lazio_partitions/Lazio_chunk_421.vrp', '/home/ubuntu/cvrp/data/instances/hgs_partitions/Lazio_partitions/Lazio_chunk_421.sol', '-t', '180', '-seed', '42']' timed out after 190 seconds"
Lazio,Lazio_chunk_422.vrp,14397000.0,184.52,OK
Lazio,Lazio_chunk_423.vrp,18344500.0,188.99,OK
Lazio,Lazio_chunk_424.vrp,22474700.0,189.38,OK
Lazio,Lazio_chunk_425.vrp,1898990.0,180.13,OK
Lazio,Lazio_chunk_426.vrp,3839880.0,184.26,OK
Lazio,Lazio_chunk_427.vrp,4646250.0,180.06,OK
Lazio,Lazio_chunk_428.vrp,3437490.0,180.39,OK
Lazio,Lazio_chunk_429.vrp,673746.0,180.1,OK
Lazio,Lazio_chunk_43.vrp,6835940.0,183.4,OK
Lazio,Lazio_chunk_430.vrp,3446000.0,182.36,OK
Lazio,Lazio_chunk_431.vrp,3319330.0,181.46,OK
Lazio,Lazio_chunk_432.vrp,3417940.0,180.24,OK
Lazio,Lazio_chunk_433.vrp,5743560.0,186.58,OK
Lazio,Lazio_chunk_434.vrp,1719650.0,180.17,OK
Lazio,Lazio_chunk_435.vrp,1964010.0,180.11,OK
Lazio,Lazio_chunk_436.vrp,5048130.0,180.44,OK
Lazio,Lazio_chunk_437.vrp,ERROR,0,"Crash: Command '['/home/ubuntu/cvrp/baselines/HGS-CVRP/build/hgs', '/home/ubuntu/cvrp/data/instances/hgs_partitions/Lazio_partitions/Lazio_chunk_437.vrp', '/home/ubuntu/cvrp/data/instances/hgs_partitions/Lazio_partitions/Lazio_chunk_437.sol', '-t', '180', '-seed', '42']' timed out after 190 seconds"
Lazio,Lazio_chunk_438.vrp,3533140.0,180.15,OK
Lazio,Lazio_chunk_439.vrp,8134290.0,182.9,OK
Lazio,Lazio_chunk_44.vrp,ERROR,0,No feasible route found in 60s.
Lazio,Lazio_chunk_440.vrp,4347290.0,180.12,OK
Lazio,Lazio_chunk_441.vrp,4224390.0,184.96,OK
Lazio,Lazio_chunk_442.vrp,7319250.0,184.94,OK
Lazio,Lazio_chunk_443.vrp,1894970.0,180.73,OK
Lazio,Lazio_chunk_444.vrp,5024720.0,184.51,OK
Lazio,Lazio_chunk_445.vrp,3192480.0,180.07,OK
Lazio,Lazio_chunk_446.vrp,1994320.0,180.07,OK
Lazio,Lazio_chunk_447.vrp,3509090.0,180.29,OK
Lazio,Lazio_chunk_448.vrp,3982360.0,180.17,OK
Lazio,Lazio_chunk_449.vrp,1283960.0,180.14,OK
Lazio,Lazio_chunk_45.vrp,ERROR,0,"Crash: Command '['/home/ubuntu/cvrp/baselines/HGS-CVRP/build/hgs', '/home/ubuntu/cvrp/data/instances/hgs_partitions/Lazio_partitions/Lazio_chunk_45.vrp', '/home/ubuntu/cvrp/data/instances/hgs_partitions/Lazio_partitions/Lazio_chunk_45.sol', '-t', '180', '-seed', '42']' timed out after 190 seconds"
Lazio,Lazio_chunk_450.vrp,3236410.0,180.55,OK
Lazio,Lazio_chunk_451.vrp,3800360.0,180.16,OK
Lazio,Lazio_chunk_452.vrp,ERROR,0,"Crash: Command '['/home/ubuntu/cvrp/baselines/HGS-CVRP/build/hgs', '/home/ubuntu/cvrp/data/instances/hgs_partitions/Lazio_partitions/Lazio_chunk_452.vrp', '/home/ubuntu/cvrp/data/instances/hgs_partitions/Lazio_partitions/Lazio_chunk_452.sol', '-t', '180', '-seed', '42']' timed out after 190 seconds"
Lazio,Lazio_chunk_453.vrp,7772130.0,185.17,OK
Lazio,Lazio_chunk_454.vrp,3954440.0,181.45,OK
Lazio,Lazio_chunk_455.vrp,2275870.0,180.14,OK
Lazio,Lazio_chunk_456.vrp,1881160.0,180.04,OK
Lazio,Lazio_chunk_457.vrp,ERROR,0,"Crash: Command '['/home/ubuntu/cvrp/baselines/HGS-CVRP/build/hgs', '/home/ubuntu/cvrp/data/instances/hgs_partitions/Lazio_partitions/Lazio_chunk_457.vrp', '/home/ubuntu/cvrp/data/instances/hgs_partitions/Lazio_partitions/Lazio_chunk_457.sol', '-t', '180', '-seed', '42']' timed out after 190 seconds"
Lazio,Lazio_chunk_458.vrp,1497960.0,180.85,OK
Lazio,Lazio_chunk_459.vrp,2733850.0,180.11,OK
Lazio,Lazio_chunk_46.vrp,6072340.0,181.33,OK
Lazio,Lazio_chunk_460.vrp,2689180.0,180.12,OK
Lazio,Lazio_chunk_461.vrp,5693180.0,180.12,OK
Lazio,Lazio_chunk_462.vrp,2178980.0,180.14,OK
Lazio,Lazio_chunk_463.vrp,13479600.0,181.09,OK
Lazio,Lazio_chunk_464.vrp,3598900.0,180.18,OK
Lazio,Lazio_chunk_465.vrp,1615940.0,181.57,OK
Lazio,Lazio_chunk_466.vrp,2163790.0,180.27,OK
Lazio,Lazio_chunk_467.vrp,2488630.0,182.24,OK
Lazio,Lazio_chunk_468.vrp,3146910.0,180.13,OK
Lazio,Lazio_chunk_469.vrp,4746700.0,180.16,OK
Lazio,Lazio_chunk_47.vrp,ERROR,0,"Crash: Command '['/home/ubuntu/cvrp/baselines/HGS-CVRP/build/hgs', '/home/ubuntu/cvrp/data/instances/hgs_partitions/Lazio_partitions/Lazio_chunk_47.vrp', '/home/ubuntu/cvrp/data/instances/hgs_partitions/Lazio_partitions/Lazio_chunk_47.sol', '-t', '180', '-seed', '42']' timed out after 190 seconds"
Lazio,Lazio_chunk_470.vrp,3228920.0,180.19,OK
Lazio,Lazio_chunk_471.vrp,720162.0,180.08,OK
Lazio,Lazio_chunk_472.vrp,4008540.0,180.07,OK
Lazio,Lazio_chunk_473.vrp,ERROR,0,No feasible route found in 60s.
Lazio,Lazio_chunk_474.vrp,976347.0,180.44,OK
Lazio,Lazio_chunk_475.vrp,3265790.0,180.08,OK
Lazio,Lazio_chunk_476.vrp,4331000.0,180.18,OK
Lazio,Lazio_chunk_477.vrp,5108480.0,180.12,OK
Lazio,Lazio_chunk_478.vrp,1779330.0,182.43,OK
Lazio,Lazio_chunk_479.vrp,2745950.0,180.09,OK
Lazio,Lazio_chunk_48.vrp,6802040.0,180.12,OK
Lazio,Lazio_chunk_480.vrp,2741420.0,180.09,OK
Lazio,Lazio_chunk_481.vrp,1665710.0,180.06,OK
Lazio,Lazio_chunk_482.vrp,ERROR,0,"Crash: Command '['/home/ubuntu/cvrp/baselines/HGS-CVRP/build/hgs', '/home/ubuntu/cvrp/data/instances/hgs_partitions/Lazio_partitions/Lazio_chunk_482.vrp', '/home/ubuntu/cvrp/data/instances/hgs_partitions/Lazio_partitions/Lazio_chunk_482.sol', '-t', '180', '-seed', '42']' timed out after 190 seconds"
Lazio,Lazio_chunk_483.vrp,1685990.0,180.16,OK
Lazio,Lazio_chunk_484.vrp,2866840.0,180.1,OK
Lazio,Lazio_chunk_485.vrp,2410980.0,184.85,OK
Lazio,Lazio_chunk_486.vrp,8831140.0,180.25,OK
Lazio,Lazio_chunk_487.vrp,6446260.0,188.25,OK
Lazio,Lazio_chunk_488.vrp,3060820.0,180.21,OK
Lazio,Lazio_chunk_489.vrp,7727750.0,181.08,OK
Lazio,Lazio_chunk_49.vrp,750825.0,180.07,OK
Lazio,Lazio_chunk_490.vrp,1332570.0,185.65,OK
Lazio,Lazio_chunk_491.vrp,9681480.0,180.18,OK
Lazio,Lazio_chunk_492.vrp,3320520.0,180.22,OK
Lazio,Lazio_chunk_493.vrp,1871170.0,183.13,OK
Lazio,Lazio_chunk_494.vrp,1907110.0,180.38,OK
Lazio,Lazio_chunk_495.vrp,2212860.0,180.18,OK
Lazio,Lazio_chunk_496.vrp,5752840.0,181.74,OK
Lazio,Lazio_chunk_497.vrp,2166480.0,184.3,OK
Lazio,Lazio_chunk_498.vrp,1884480.0,180.05,OK
Lazio,Lazio_chunk_50.vrp,5040300.0,180.82,OK
Lazio,Lazio_chunk_51.vrp,3324290.0,180.25,OK
Lazio,Lazio_chunk_52.vrp,4956270.0,180.04,OK
Lazio,Lazio_chunk_53.vrp,4526510.0,182.01,OK
Lazio,Lazio_chunk_54.vrp,3825610.0,180.3,OK
Lazio,Lazio_chunk_55.vrp,4695700.0,180.52,OK
Lazio,Lazio_chunk_56.vrp,1784830.0,180.42,OK
Lazio,Lazio_chunk_57.vrp,ERROR,0,"Crash: Command '['/home/ubuntu/cvrp/baselines/HGS-CVRP/build/hgs', '/home/ubuntu/cvrp/data/instances/hgs_partitions/Lazio_partitions/Lazio_chunk_57.vrp', '/home/ubuntu/cvrp/data/instances/hgs_partitions/Lazio_partitions/Lazio_chunk_57.sol', '-t', '180', '-seed', '42']' timed out after 190 seconds"
Lazio,Lazio_chunk_58.vrp,5262380.0,180.59,OK
Lazio,Lazio_chunk_59.vrp,ERROR,0,"Crash: Command '['/home/ubuntu/cvrp/baselines/HGS-CVRP/build/hgs', '/home/ubuntu/cvrp/data/instances/hgs_partitions/Lazio_partitions/Lazio_chunk_59.vrp', '/home/ubuntu/cvrp/data/instances/hgs_partitions/Lazio_partitions/Lazio_chunk_59.sol', '-t', '180', '-seed', '42']' timed out after 190 seconds"
Lazio,Lazio_chunk_5_sweep_0.vrp,ERROR,0,No feasible route found in 60s.
Lazio,Lazio_chunk_5_sweep_1.vrp,ERROR,0,No feasible route found in 60s.
Lazio,Lazio_chunk_5_sweep_2.vrp,ERROR,0,No feasible route found in 60s.
Lazio,Lazio_chunk_6.vrp,4218430.0,180.78,OK
Lazio,Lazio_chunk_60.vrp,4383560.0,182.07,OK
Lazio,Lazio_chunk_61.vrp,ERROR,0,"Crash: Command '['/home/ubuntu/cvrp/baselines/HGS-CVRP/build/hgs', '/home/ubuntu/cvrp/data/instances/hgs_partitions/Lazio_partitions/Lazio_chunk_61.vrp', '/home/ubuntu/cvrp/data/instances/hgs_partitions/Lazio_partitions/Lazio_chunk_61.sol', '-t', '180', '-seed', '42']' timed out after 190 seconds"
Lazio,Lazio_chunk_62.vrp,7166600.0,180.09,OK
Lazio,Lazio_chunk_63.vrp,8044510.0,180.36,OK
Lazio,Lazio_chunk_64.vrp,12061300.0,182.1,OK
Lazio,Lazio_chunk_65.vrp,7641280.0,185.89,OK
Lazio,Lazio_chunk_66.vrp,1402980.0,184.7,OK
Lazio,Lazio_chunk_67.vrp,ERROR,0,"Crash: Command '['/home/ubuntu/cvrp/baselines/HGS-CVRP/build/hgs', '/home/ubuntu/cvrp/data/instances/hgs_partitions/Lazio_partitions/Lazio_chunk_67.vrp', '/home/ubuntu/cvrp/data/instances/hgs_partitions/Lazio_partitions/Lazio_chunk_67.sol', '-t', '180', '-seed', '42']' timed out after 190 seconds"
Lazio,Lazio_chunk_68.vrp,7871970.0,183.78,OK
Lazio,Lazio_chunk_69.vrp,7044460.0,189.65,OK
Lazio,Lazio_chunk_7.vrp,3171140.0,182.2,OK
Lazio,Lazio_chunk_70.vrp,ERROR,0,"Crash: Command '['/home/ubuntu/cvrp/baselines/HGS-CVRP/build/hgs', '/home/ubuntu/cvrp/data/instances/hgs_partitions/Lazio_partitions/Lazio_chunk_70.vrp', '/home/ubuntu/cvrp/data/instances/hgs_partitions/Lazio_partitions/Lazio_chunk_70.sol', '-t', '180', '-seed', '42']' timed out after 190 seconds"
Lazio,Lazio_chunk_71.vrp,2303080.0,183.61,OK
Lazio,Lazio_chunk_72.vrp,2060260.0,180.18,OK
Lazio,Lazio_chunk_73.vrp,6867330.0,182.2,OK
Lazio,Lazio_chunk_74.vrp,6405700.0,180.14,OK
Lazio,Lazio_chunk_75.vrp,15527400.0,188.85,OK
Lazio,Lazio_chunk_76.vrp,4229840.0,180.21,OK
Lazio,Lazio_chunk_77.vrp,7251930.0,181.98,OK
Lazio,Lazio_chunk_78.vrp,6689270.0,180.23,OK
Lazio,Lazio_chunk_79.vrp,12960500.0,181.53,OK
Lazio,Lazio_chunk_8.vrp,2903630.0,180.3,OK
Lazio,Lazio_chunk_80.vrp,5297190.0,180.1,OK
Lazio,Lazio_chunk_81.vrp,18244400.0,183.47,OK
Lazio,Lazio_chunk_82.vrp,ERROR,0,"Crash: Command '['/home/ubuntu/cvrp/baselines/HGS-CVRP/build/hgs', '/home/ubuntu/cvrp/data/instances/hgs_partitions/Lazio_partitions/Lazio_chunk_82.vrp', '/home/ubuntu/cvrp/data/instances/hgs_partitions/Lazio_partitions/Lazio_chunk_82.sol', '-t', '180', '-seed', '42']' timed out after 190 seconds"
Lazio,Lazio_chunk_83.vrp,2542020.0,180.13,OK
Lazio,Lazio_chunk_84.vrp,8539540.0,181.43,OK
Lazio,Lazio_chunk_85.vrp,3148540.0,180.27,OK
Lazio,Lazio_chunk_86.vrp,2228720.0,182.9,OK
Lazio,Lazio_chunk_87.vrp,ERROR,0,"Crash: Command '['/home/ubuntu/cvrp/baselines/HGS-CVRP/build/hgs', '/home/ubuntu/cvrp/data/instances/hgs_partitions/Lazio_partitions/Lazio_chunk_87.vrp', '/home/ubuntu/cvrp/data/instances/hgs_partitions/Lazio_partitions/Lazio_chunk_87.sol', '-t', '180', '-seed', '42']' timed out after 190 seconds"
Lazio,Lazio_chunk_88.vrp,4695680.0,183.51,OK
Lazio,Lazio_chunk_89.vrp,ERROR,0,No feasible route found in 60s.
Lazio,Lazio_chunk_9.vrp,18632800.0,189.12,OK
Lazio,Lazio_chunk_90.vrp,7012190.0,180.87,OK
Lazio,Lazio_chunk_91.vrp,2967530.0,188.37,OK
Lazio,Lazio_chunk_92.vrp,1951520.0,180.07,OK
Lazio,Lazio_chunk_93.vrp,1609200.0,182.43,OK
Lazio,Lazio_chunk_94.vrp,1892540.0,180.44,OK
Lazio,Lazio_chunk_95.vrp,ERROR,0,No feasible route found in 60s.
Lazio,Lazio_chunk_96.vrp,4316750.0,185.03,OK
Lazio,Lazio_chunk_97.vrp,8131720.0,180.77,OK
Lazio,Lazio_chunk_98.vrp,9907480.0,187.31,OK
Lazio,Lazio_chunk_99.vrp,8352700.0,180.71,OK
Lazio,[TOTAL AGGREGATE],INCOMPLETE,2265887257.0,Only 432/504 succeeded
Veneto,Veneto_chunk_0.vrp,2459600.0,182.23,OK
Veneto,Veneto_chunk_1.vrp,811342.0,187.18,OK
Veneto,Veneto_chunk_10.vrp,ERROR,0,"Crash: Command '['/home/ubuntu/cvrp/baselines/HGS-CVRP/build/hgs', '/home/ubuntu/cvrp/data/instances/hgs_partitions/Veneto_partitions/Veneto_chunk_10.vrp', '/home/ubuntu/cvrp/data/instances/hgs_partitions/Veneto_partitions/Veneto_chunk_10.sol', '-t', '180', '-seed', '42']' timed out after 190 seconds"
Veneto,Veneto_chunk_100.vrp,928704.0,180.07,OK
Veneto,Veneto_chunk_101.vrp,2096160.0,180.11,OK
Veneto,Veneto_chunk_102.vrp,2095140.0,180.58,OK
Veneto,Veneto_chunk_103.vrp,3519780.0,185.99,OK
Veneto,Veneto_chunk_104.vrp,2758830.0,182.71,OK
Veneto,Veneto_chunk_105.vrp,3339740.0,186.69,OK
Veneto,Veneto_chunk_106.vrp,1963860.0,185.23,OK
Veneto,Veneto_chunk_107.vrp,ERROR,0,"Crash: Command '['/home/ubuntu/cvrp/baselines/HGS-CVRP/build/hgs', '/home/ubuntu/cvrp/data/instances/hgs_partitions/Veneto_partitions/Veneto_chunk_107.vrp', '/home/ubuntu/cvrp/data/instances/hgs_partitions/Veneto_partitions/Veneto_chunk_107.sol', '-t', '180', '-seed', '42']' timed out after 190 seconds"
Veneto,Veneto_chunk_108.vrp,1803530.0,181.96,OK
Veneto,Veneto_chunk_109.vrp,1757850.0,182.97,OK
Veneto,Veneto_chunk_11.vrp,ERROR,0,No feasible route found in 60s.
Veneto,Veneto_chunk_110.vrp,1941490.0,183.87,OK
Veneto,Veneto_chunk_111.vrp,3078560.0,181.52,OK
Veneto,Veneto_chunk_112.vrp,2040300.0,185.32,OK
Veneto,Veneto_chunk_113.vrp,1368920.0,182.61,OK
Veneto,Veneto_chunk_114.vrp,3331430.0,181.01,OK
Veneto,Veneto_chunk_115.vrp,ERROR,0,No feasible route found in 60s.
Veneto,Veneto_chunk_116.vrp,ERROR,0,"Crash: Command '['/home/ubuntu/cvrp/baselines/HGS-CVRP/build/hgs', '/home/ubuntu/cvrp/data/instances/hgs_partitions/Veneto_partitions/Veneto_chunk_116.vrp', '/home/ubuntu/cvrp/data/instances/hgs_partitions/Veneto_partitions/Veneto_chunk_116.sol', '-t', '180', '-seed', '42']' timed out after 190 seconds"
Veneto,Veneto_chunk_117.vrp,1520220.0,180.89,OK
Veneto,Veneto_chunk_118.vrp,3429970.0,186.09,OK
Veneto,Veneto_chunk_119.vrp,1481090.0,180.65,OK
Veneto,Veneto_chunk_12.vrp,847393.0,183.95,OK
Veneto,Veneto_chunk_120.vrp,2686800.0,183.35,OK
Veneto,Veneto_chunk_121.vrp,862011.0,181.19,OK
Veneto,Veneto_chunk_122.vrp,5986630.0,182.61,OK
Veneto,Veneto_chunk_123.vrp,4062070.0,181.89,OK
Veneto,Veneto_chunk_124.vrp,5583410.0,181.18,OK
Veneto,Veneto_chunk_125.vrp,2099000.0,183.32,OK
Veneto,Veneto_chunk_126.vrp,ERROR,0,"Crash: Command '['/home/ubuntu/cvrp/baselines/HGS-CVRP/build/hgs', '/home/ubuntu/cvrp/data/instances/hgs_partitions/Veneto_partitions/Veneto_chunk_126.vrp', '/home/ubuntu/cvrp/data/instances/hgs_partitions/Veneto_partitions/Veneto_chunk_126.sol', '-t', '180', '-seed', '42']' timed out after 190 seconds"
Veneto,Veneto_chunk_127.vrp,1129970.0,181.07,OK
Veneto,Veneto_chunk_128.vrp,4718550.0,180.8,OK
Veneto,Veneto_chunk_129.vrp,1392050.0,181.5,OK
Veneto,Veneto_chunk_13.vrp,3428470.0,184.68,OK
Veneto,Veneto_chunk_130.vrp,3620820.0,183.74,OK
Veneto,Veneto_chunk_131.vrp,1507730.0,181.04,OK
Veneto,Veneto_chunk_132.vrp,1107800.0,181.07,OK
Veneto,Veneto_chunk_133_sweep_0.vrp,2335630.0,180.65,OK
Veneto,Veneto_chunk_133_sweep_1.vrp,2314730.0,180.75,OK
Veneto,Veneto_chunk_133_sweep_2.vrp,2307710.0,180.2,OK
Veneto,Veneto_chunk_133_sweep_3.vrp,2297930.0,181.39,OK
Veneto,Veneto_chunk_133_sweep_4.vrp,2290350.0,180.16,OK
Veneto,Veneto_chunk_134.vrp,3293530.0,180.59,OK
Veneto,Veneto_chunk_135.vrp,ERROR,0,"Crash: Command '['/home/ubuntu/cvrp/baselines/HGS-CVRP/build/hgs', '/home/ubuntu/cvrp/data/instances/hgs_partitions/Veneto_partitions/Veneto_chunk_135.vrp', '/home/ubuntu/cvrp/data/instances/hgs_partitions/Veneto_partitions/Veneto_chunk_135.sol', '-t', '180', '-seed', '42']' timed out after 190 seconds"
Veneto,Veneto_chunk_136.vrp,ERROR,0,"Crash: Command '['/home/ubuntu/cvrp/baselines/HGS-CVRP/build/hgs', '/home/ubuntu/cvrp/data/instances/hgs_partitions/Veneto_partitions/Veneto_chunk_136.vrp', '/home/ubuntu/cvrp/data/instances/hgs_partitions/Veneto_partitions/Veneto_chunk_136.sol', '-t', '180', '-seed', '42']' timed out after 190 seconds"
Veneto,Veneto_chunk_137.vrp,2785600.0,185.8,OK
Veneto,Veneto_chunk_138.vrp,3174640.0,189.69,OK
Veneto,Veneto_chunk_139.vrp,3737420.0,182.96,OK
Veneto,Veneto_chunk_14.vrp,1670320.0,180.61,OK
Veneto,Veneto_chunk_140.vrp,1910150.0,180.93,OK
Veneto,Veneto_chunk_141.vrp,2379070.0,180.3,OK
Veneto,Veneto_chunk_142.vrp,2906150.0,181.04,OK
Veneto,Veneto_chunk_143.vrp,ERROR,0,"Crash: Command '['/home/ubuntu/cvrp/baselines/HGS-CVRP/build/hgs', '/home/ubuntu/cvrp/data/instances/hgs_partitions/Veneto_partitions/Veneto_chunk_143.vrp', '/home/ubuntu/cvrp/data/instances/hgs_partitions/Veneto_partitions/Veneto_chunk_143.sol', '-t', '180', '-seed', '42']' timed out after 190 seconds"
Veneto,Veneto_chunk_144.vrp,2294860.0,181.38,OK
Veneto,Veneto_chunk_145.vrp,1098650.0,188.29,OK
Veneto,Veneto_chunk_146.vrp,2534710.0,182.32,OK
Veneto,Veneto_chunk_147.vrp,ERROR,0,"Crash: Command '['/home/ubuntu/cvrp/baselines/HGS-CVRP/build/hgs', '/home/ubuntu/cvrp/data/instances/hgs_partitions/Veneto_partitions/Veneto_chunk_147.vrp', '/home/ubuntu/cvrp/data/instances/hgs_partitions/Veneto_partitions/Veneto_chunk_147.sol', '-t', '180', '-seed', '42']' timed out after 190 seconds"
Veneto,Veneto_chunk_148.vrp,1994480.0,185.1,OK
Veneto,Veneto_chunk_149.vrp,ERROR,0,No feasible route found in 60s.
Veneto,Veneto_chunk_15.vrp,1428780.0,180.51,OK
Veneto,Veneto_chunk_150.vrp,1316490.0,180.11,OK
Veneto,Veneto_chunk_151.vrp,ERROR,0,"Crash: Command '['/home/ubuntu/cvrp/baselines/HGS-CVRP/build/hgs', '/home/ubuntu/cvrp/data/instances/hgs_partitions/Veneto_partitions/Veneto_chunk_151.vrp', '/home/ubuntu/cvrp/data/instances/hgs_partitions/Veneto_partitions/Veneto_chunk_151.sol', '-t', '180', '-seed', '42']' timed out after 190 seconds"
Veneto,Veneto_chunk_152.vrp,819047.0,185.91,OK
Veneto,Veneto_chunk_153.vrp,1405570.0,182.0,OK
Veneto,Veneto_chunk_154.vrp,1352600.0,181.14,OK
Veneto,Veneto_chunk_155.vrp,2807010.0,180.58,OK
Veneto,Veneto_chunk_156.vrp,1526660.0,181.84,OK
Veneto,Veneto_chunk_157.vrp,ERROR,0,"Crash: Command '['/home/ubuntu/cvrp/baselines/HGS-CVRP/build/hgs', '/home/ubuntu/cvrp/data/instances/hgs_partitions/Veneto_partitions/Veneto_chunk_157.vrp', '/home/ubuntu/cvrp/data/instances/hgs_partitions/Veneto_partitions/Veneto_chunk_157.sol', '-t', '180', '-seed', '42']' timed out after 190 seconds"
Veneto,Veneto_chunk_158.vrp,3664900.0,180.49,OK
Veneto,Veneto_chunk_159.vrp,655228.0,186.68,OK
Veneto,Veneto_chunk_16.vrp,2523730.0,180.33,OK
Veneto,Veneto_chunk_160.vrp,6192050.0,187.6,OK
Veneto,Veneto_chunk_161.vrp,ERROR,0,"Crash: Command '['/home/ubuntu/cvrp/baselines/HGS-CVRP/build/hgs', '/home/ubuntu/cvrp/data/instances/hgs_partitions/Veneto_partitions/Veneto_chunk_161.vrp', '/home/ubuntu/cvrp/data/instances/hgs_partitions/Veneto_partitions/Veneto_chunk_161.sol', '-t', '180', '-seed', '42']' timed out after 190 seconds"
Veneto,Veneto_chunk_162.vrp,1644700.0,182.09,OK
Veneto,Veneto_chunk_163.vrp,878688.0,183.25,OK
Veneto,Veneto_chunk_164.vrp,ERROR,0,"Crash: Command '['/home/ubuntu/cvrp/baselines/HGS-CVRP/build/hgs', '/home/ubuntu/cvrp/data/instances/hgs_partitions/Veneto_partitions/Veneto_chunk_164.vrp', '/home/ubuntu/cvrp/data/instances/hgs_partitions/Veneto_partitions/Veneto_chunk_164.sol', '-t', '180', '-seed', '42']' timed out after 190 seconds"
Veneto,Veneto_chunk_165.vrp,ERROR,0,"Crash: Command '['/home/ubuntu/cvrp/baselines/HGS-CVRP/build/hgs', '/home/ubuntu/cvrp/data/instances/hgs_partitions/Veneto_partitions/Veneto_chunk_165.vrp', '/home/ubuntu/cvrp/data/instances/hgs_partitions/Veneto_partitions/Veneto_chunk_165.sol', '-t', '180', '-seed', '42']' timed out after 190 seconds"
Veneto,Veneto_chunk_166.vrp,4211870.0,180.59,OK
Veneto,Veneto_chunk_167.vrp,2062680.0,180.12,OK
Veneto,Veneto_chunk_168.vrp,ERROR,0,"Crash: Command '['/home/ubuntu/cvrp/baselines/HGS-CVRP/build/hgs', '/home/ubuntu/cvrp/data/instances/hgs_partitions/Veneto_partitions/Veneto_chunk_168.vrp', '/home/ubuntu/cvrp/data/instances/hgs_partitions/Veneto_partitions/Veneto_chunk_168.sol', '-t', '180', '-seed', '42']' timed out after 190 seconds"
Veneto,Veneto_chunk_169.vrp,1653070.0,181.89,OK
Veneto,Veneto_chunk_17.vrp,2546970.0,184.31,OK
Veneto,Veneto_chunk_170.vrp,1556700.0,180.07,OK
Veneto,Veneto_chunk_171_sweep_0.vrp,1579140.0,181.66,OK
Veneto,Veneto_chunk_171_sweep_1.vrp,1678360.0,182.05,OK
Veneto,Veneto_chunk_171_sweep_2.vrp,1642840.0,181.47,OK
Veneto,Veneto_chunk_172.vrp,1635700.0,184.78,OK
Veneto,Veneto_chunk_173.vrp,1639260.0,184.27,OK
Veneto,Veneto_chunk_174_sweep_0.vrp,1854950.0,180.74,OK
Veneto,Veneto_chunk_174_sweep_1.vrp,1807430.0,183.8,OK
Veneto,Veneto_chunk_174_sweep_2.vrp,1796300.0,181.83,OK
Veneto,Veneto_chunk_174_sweep_3.vrp,1775270.0,181.24,OK
Veneto,Veneto_chunk_174_sweep_4.vrp,1756110.0,181.32,OK
Veneto,Veneto_chunk_175.vrp,ERROR,0,No feasible route found in 60s.
Veneto,Veneto_chunk_176.vrp,3961010.0,187.53,OK
Veneto,Veneto_chunk_177.vrp,ERROR,0,"Crash: Command '['/home/ubuntu/cvrp/baselines/HGS-CVRP/build/hgs', '/home/ubuntu/cvrp/data/instances/hgs_partitions/Veneto_partitions/Veneto_chunk_177.vrp', '/home/ubuntu/cvrp/data/instances/hgs_partitions/Veneto_partitions/Veneto_chunk_177.sol', '-t', '180', '-seed', '42']' timed out after 190 seconds"
Veneto,Veneto_chunk_178.vrp,1687440.0,182.54,OK
Veneto,Veneto_chunk_179.vrp,638900.0,181.63,OK
Veneto,Veneto_chunk_18.vrp,ERROR,0,"Crash: Command '['/home/ubuntu/cvrp/baselines/HGS-CVRP/build/hgs', '/home/ubuntu/cvrp/data/instances/hgs_partitions/Veneto_partitions/Veneto_chunk_18.vrp', '/home/ubuntu/cvrp/data/instances/hgs_partitions/Veneto_partitions/Veneto_chunk_18.sol', '-t', '180', '-seed', '42']' timed out after 190 seconds"
Veneto,Veneto_chunk_180.vrp,3026960.0,188.85,OK
Veneto,Veneto_chunk_181.vrp,3532460.0,181.12,OK
Veneto,Veneto_chunk_182.vrp,ERROR,0,"Crash: Command '['/home/ubuntu/cvrp/baselines/HGS-CVRP/build/hgs', '/home/ubuntu/cvrp/data/instances/hgs_partitions/Veneto_partitions/Veneto_chunk_182.vrp', '/home/ubuntu/cvrp/data/instances/hgs_partitions/Veneto_partitions/Veneto_chunk_182.sol', '-t', '180', '-seed', '42']' timed out after 190 seconds"
Veneto,Veneto_chunk_183.vrp,3295670.0,188.16,OK
Veneto,Veneto_chunk_184.vrp,8003020.0,185.08,OK
Veneto,Veneto_chunk_185.vrp,3802860.0,184.96,OK
Veneto,Veneto_chunk_186.vrp,ERROR,0,"Crash: Command '['/home/ubuntu/cvrp/baselines/HGS-CVRP/build/hgs', '/home/ubuntu/cvrp/data/instances/hgs_partitions/Veneto_partitions/Veneto_chunk_186.vrp', '/home/ubuntu/cvrp/data/instances/hgs_partitions/Veneto_partitions/Veneto_chunk_186.sol', '-t', '180', '-seed', '42']' timed out after 190 seconds"
Veneto,Veneto_chunk_187.vrp,717462.0,181.07,OK
Veneto,Veneto_chunk_188.vrp,ERROR,0,"Crash: Command '['/home/ubuntu/cvrp/baselines/HGS-CVRP/build/hgs', '/home/ubuntu/cvrp/data/instances/hgs_partitions/Veneto_partitions/Veneto_chunk_188.vrp', '/home/ubuntu/cvrp/data/instances/hgs_partitions/Veneto_partitions/Veneto_chunk_188.sol', '-t', '180', '-seed', '42']' timed out after 190 seconds"
Veneto,Veneto_chunk_189.vrp,2011500.0,184.08,OK
Veneto,Veneto_chunk_19.vrp,ERROR,0,"Crash: Command '['/home/ubuntu/cvrp/baselines/HGS-CVRP/build/hgs', '/home/ubuntu/cvrp/data/instances/hgs_partitions/Veneto_partitions/Veneto_chunk_19.vrp', '/home/ubuntu/cvrp/data/instances/hgs_partitions/Veneto_partitions/Veneto_chunk_19.sol', '-t', '180', '-seed', '42']' timed out after 190 seconds"
Veneto,Veneto_chunk_190.vrp,1613120.0,183.5,OK
Veneto,Veneto_chunk_191.vrp,691575.0,180.09,OK
Veneto,Veneto_chunk_192.vrp,1349180.0,181.3,OK
Veneto,Veneto_chunk_193.vrp,2623750.0,184.37,OK
Veneto,Veneto_chunk_194.vrp,629774.0,181.09,OK
Veneto,Veneto_chunk_195.vrp,2358530.0,181.31,OK
Veneto,Veneto_chunk_196.vrp,2506800.0,181.45,OK
Veneto,Veneto_chunk_197.vrp,465396.0,180.17,OK
Veneto,Veneto_chunk_198.vrp,2748740.0,181.85,OK
Veneto,Veneto_chunk_199.vrp,684630.0,180.59,OK
Veneto,Veneto_chunk_2.vrp,ERROR,0,"Crash: Command '['/home/ubuntu/cvrp/baselines/HGS-CVRP/build/hgs', '/home/ubuntu/cvrp/data/instances/hgs_partitions/Veneto_partitions/Veneto_chunk_2.vrp', '/home/ubuntu/cvrp/data/instances/hgs_partitions/Veneto_partitions/Veneto_chunk_2.sol', '-t', '180', '-seed', '42']' timed out after 190 seconds"
Veneto,Veneto_chunk_20.vrp,4852030.0,188.68,OK
Veneto,Veneto_chunk_200.vrp,1281860.0,180.83,OK
Veneto,Veneto_chunk_201.vrp,ERROR,0,No feasible route found in 60s.
Veneto,Veneto_chunk_202.vrp,2537120.0,182.68,OK
Veneto,Veneto_chunk_203.vrp,1534950.0,180.09,OK
Veneto,Veneto_chunk_204.vrp,ERROR,0,"Crash: Command '['/home/ubuntu/cvrp/baselines/HGS-CVRP/build/hgs', '/home/ubuntu/cvrp/data/instances/hgs_partitions/Veneto_partitions/Veneto_chunk_204.vrp', '/home/ubuntu/cvrp/data/instances/hgs_partitions/Veneto_partitions/Veneto_chunk_204.sol', '-t', '180', '-seed', '42']' timed out after 190 seconds"
Veneto,Veneto_chunk_205.vrp,4829680.0,181.68,OK
Veneto,Veneto_chunk_206.vrp,988384.0,180.63,OK
Veneto,Veneto_chunk_207.vrp,2454470.0,181.45,OK
Veneto,Veneto_chunk_208.vrp,464798.0,181.1,OK
Veneto,Veneto_chunk_209.vrp,1352630.0,183.35,OK
Veneto,Veneto_chunk_21.vrp,ERROR,0,"Crash: Command '['/home/ubuntu/cvrp/baselines/HGS-CVRP/build/hgs', '/home/ubuntu/cvrp/data/instances/hgs_partitions/Veneto_partitions/Veneto_chunk_21.vrp', '/home/ubuntu/cvrp/data/instances/hgs_partitions/Veneto_partitions/Veneto_chunk_21.sol', '-t', '180', '-seed', '42']' timed out after 190 seconds"
Veneto,Veneto_chunk_210.vrp,3102370.0,183.73,OK
Veneto,Veneto_chunk_211.vrp,ERROR,0,"Crash: Command '['/home/ubuntu/cvrp/baselines/HGS-CVRP/build/hgs', '/home/ubuntu/cvrp/data/instances/hgs_partitions/Veneto_partitions/Veneto_chunk_211.vrp', '/home/ubuntu/cvrp/data/instances/hgs_partitions/Veneto_partitions/Veneto_chunk_211.sol', '-t', '180', '-seed', '42']' timed out after 190 seconds"
Veneto,Veneto_chunk_212.vrp,1596470.0,180.8,OK
Veneto,Veneto_chunk_213.vrp,ERROR,0,No feasible route found in 60s.
Veneto,Veneto_chunk_214.vrp,ERROR,0,"Crash: Command '['/home/ubuntu/cvrp/baselines/HGS-CVRP/build/hgs', '/home/ubuntu/cvrp/data/instances/hgs_partitions/Veneto_partitions/Veneto_chunk_214.vrp', '/home/ubuntu/cvrp/data/instances/hgs_partitions/Veneto_partitions/Veneto_chunk_214.sol', '-t', '180', '-seed', '42']' timed out after 190 seconds"
Veneto,Veneto_chunk_215.vrp,1419020.0,180.31,OK
Veneto,Veneto_chunk_216.vrp,874842.0,181.98,OK
Veneto,Veneto_chunk_217.vrp,1479040.0,189.04,OK
Veneto,Veneto_chunk_218.vrp,3555120.0,186.28,OK
Veneto,Veneto_chunk_219.vrp,ERROR,0,"Crash: Command '['/home/ubuntu/cvrp/baselines/HGS-CVRP/build/hgs', '/home/ubuntu/cvrp/data/instances/hgs_partitions/Veneto_partitions/Veneto_chunk_219.vrp', '/home/ubuntu/cvrp/data/instances/hgs_partitions/Veneto_partitions/Veneto_chunk_219.sol', '-t', '180', '-seed', '42']' timed out after 190 seconds"
Veneto,Veneto_chunk_22.vrp,ERROR,0,"Crash: Command '['/home/ubuntu/cvrp/baselines/HGS-CVRP/build/hgs', '/home/ubuntu/cvrp/data/instances/hgs_partitions/Veneto_partitions/Veneto_chunk_22.vrp', '/home/ubuntu/cvrp/data/instances/hgs_partitions/Veneto_partitions/Veneto_chunk_22.sol', '-t', '180', '-seed', '42']' timed out after 190 seconds"
Veneto,Veneto_chunk_220.vrp,803575.0,185.09,OK
Veneto,Veneto_chunk_221.vrp,ERROR,0,"Crash: Command '['/home/ubuntu/cvrp/baselines/HGS-CVRP/build/hgs', '/home/ubuntu/cvrp/data/instances/hgs_partitions/Veneto_partitions/Veneto_chunk_221.vrp', '/home/ubuntu/cvrp/data/instances/hgs_partitions/Veneto_partitions/Veneto_chunk_221.sol', '-t', '180', '-seed', '42']' timed out after 190 seconds"
Veneto,Veneto_chunk_222.vrp,6503650.0,186.6,OK
Veneto,Veneto_chunk_223.vrp,1303330.0,181.83,OK
Veneto,Veneto_chunk_224.vrp,1569610.0,181.26,OK
Veneto,Veneto_chunk_225.vrp,2634110.0,183.95,OK
Veneto,Veneto_chunk_226.vrp,ERROR,0,No feasible route found in 60s.
Veneto,Veneto_chunk_227.vrp,4276690.0,183.4,OK
Veneto,Veneto_chunk_228.vrp,3968740.0,185.97,OK
Veneto,Veneto_chunk_229.vrp,2358120.0,181.55,OK
Veneto,Veneto_chunk_230.vrp,5157820.0,183.4,OK
Veneto,Veneto_chunk_231.vrp,4690660.0,182.18,OK
Veneto,Veneto_chunk_232.vrp,1404540.0,181.83,OK
Veneto,Veneto_chunk_233.vrp,ERROR,0,"Crash: Command '['/home/ubuntu/cvrp/baselines/HGS-CVRP/build/hgs', '/home/ubuntu/cvrp/data/instances/hgs_partitions/Veneto_partitions/Veneto_chunk_233.vrp', '/home/ubuntu/cvrp/data/instances/hgs_partitions/Veneto_partitions/Veneto_chunk_233.sol', '-t', '180', '-seed', '42']' timed out after 190 seconds"
Veneto,Veneto_chunk_234.vrp,ERROR,0,"Crash: Command '['/home/ubuntu/cvrp/baselines/HGS-CVRP/build/hgs', '/home/ubuntu/cvrp/data/instances/hgs_partitions/Veneto_partitions/Veneto_chunk_234.vrp', '/home/ubuntu/cvrp/data/instances/hgs_partitions/Veneto_partitions/Veneto_chunk_234.sol', '-t', '180', '-seed', '42']' timed out after 190 seconds"
Veneto,Veneto_chunk_235.vrp,1575990.0,180.42,OK
Veneto,Veneto_chunk_236.vrp,2030430.0,183.91,OK
Veneto,Veneto_chunk_237.vrp,1438210.0,182.42,OK
Veneto,Veneto_chunk_238.vrp,2076510.0,180.27,OK
Veneto,Veneto_chunk_239.vrp,1097060.0,181.1,OK
Veneto,Veneto_chunk_23_sweep_0.vrp,29764.0,181.54,OK
Veneto,Veneto_chunk_23_sweep_1.vrp,29688.0,180.27,OK
Veneto,Veneto_chunk_23_sweep_2.vrp,29040.0,181.61,OK
Veneto,Veneto_chunk_23_sweep_3.vrp,30385.0,180.53,OK
Veneto,Veneto_chunk_23_sweep_4.vrp,33390.0,180.16,OK
Veneto,Veneto_chunk_23_sweep_5.vrp,36434.0,180.39,OK
Veneto,Veneto_chunk_23_sweep_6.vrp,41410.0,181.63,OK
Veneto,Veneto_chunk_23_sweep_7.vrp,67697.0,180.48,OK
Veneto,Veneto_chunk_23_sweep_8.vrp,101753.0,182.85,OK
Veneto,Veneto_chunk_24.vrp,1768100.0,185.68,OK
Veneto,Veneto_chunk_240.vrp,ERROR,0,"Crash: Command '['/home/ubuntu/cvrp/baselines/HGS-CVRP/build/hgs', '/home/ubuntu/cvrp/data/instances/hgs_partitions/Veneto_partitions/Veneto_chunk_240.vrp', '/home/ubuntu/cvrp/data/instances/hgs_partitions/Veneto_partitions/Veneto_chunk_240.sol', '-t', '180', '-seed', '42']' timed out after 190 seconds"
Veneto,Veneto_chunk_241.vrp,1601130.0,182.41,OK
Veneto,Veneto_chunk_242.vrp,1561130.0,182.26,OK
Veneto,Veneto_chunk_243.vrp,1316500.0,182.72,OK
Veneto,Veneto_chunk_244.vrp,191645.0,180.19,OK
Veneto,Veneto_chunk_245.vrp,2303810.0,180.48,OK
Veneto,Veneto_chunk_246.vrp,3314600.0,180.44,OK
Veneto,Veneto_chunk_247.vrp,1645360.0,181.19,OK
Veneto,Veneto_chunk_248.vrp,ERROR,0,"Crash: Command '['/home/ubuntu/cvrp/baselines/HGS-CVRP/build/hgs', '/home/ubuntu/cvrp/data/instances/hgs_partitions/Veneto_partitions/Veneto_chunk_248.vrp', '/home/ubuntu/cvrp/data/instances/hgs_partitions/Veneto_partitions/Veneto_chunk_248.sol', '-t', '180', '-seed', '42']' timed out after 190 seconds"
Veneto,Veneto_chunk_249.vrp,1553240.0,180.54,OK
Veneto,Veneto_chunk_25.vrp,1360880.0,181.47,OK
Veneto,Veneto_chunk_250.vrp,ERROR,0,"Crash: Command '['/home/ubuntu/cvrp/baselines/HGS-CVRP/build/hgs', '/home/ubuntu/cvrp/data/instances/hgs_partitions/Veneto_partitions/Veneto_chunk_250.vrp', '/home/ubuntu/cvrp/data/instances/hgs_partitions/Veneto_partitions/Veneto_chunk_250.sol', '-t', '180', '-seed', '42']' timed out after 190 seconds"
Veneto,Veneto_chunk_251.vrp,3233560.0,180.17,OK
Veneto,Veneto_chunk_252.vrp,2170240.0,183.09,OK
Veneto,Veneto_chunk_253.vrp,1793460.0,180.55,OK
Veneto,Veneto_chunk_254.vrp,2078290.0,183.85,OK
Veneto,Veneto_chunk_255.vrp,3314690.0,181.61,OK
Veneto,Veneto_chunk_256.vrp,1422780.0,184.98,OK
Veneto,Veneto_chunk_257.vrp,1660160.0,181.37,OK
Veneto,Veneto_chunk_258.vrp,2627130.0,187.76,OK
Veneto,Veneto_chunk_259.vrp,ERROR,0,"Crash: Command '['/home/ubuntu/cvrp/baselines/HGS-CVRP/build/hgs', '/home/ubuntu/cvrp/data/instances/hgs_partitions/Veneto_partitions/Veneto_chunk_259.vrp', '/home/ubuntu/cvrp/data/instances/hgs_partitions/Veneto_partitions/Veneto_chunk_259.sol', '-t', '180', '-seed', '42']' timed out after 190 seconds"
Veneto,Veneto_chunk_26.vrp,ERROR,0,"Crash: Command '['/home/ubuntu/cvrp/baselines/HGS-CVRP/build/hgs', '/home/ubuntu/cvrp/data/instances/hgs_partitions/Veneto_partitions/Veneto_chunk_26.vrp', '/home/ubuntu/cvrp/data/instances/hgs_partitions/Veneto_partitions/Veneto_chunk_26.sol', '-t', '180', '-seed', '42']' timed out after 190 seconds"
Veneto,Veneto_chunk_260.vrp,3662850.0,181.92,OK
Veneto,Veneto_chunk_261.vrp,3830650.0,181.15,OK
Veneto,Veneto_chunk_262.vrp,1944410.0,181.97,OK
Veneto,Veneto_chunk_263.vrp,1174960.0,184.21,OK
Veneto,Veneto_chunk_264.vrp,ERROR,0,"Crash: Command '['/home/ubuntu/cvrp/baselines/HGS-CVRP/build/hgs', '/home/ubuntu/cvrp/data/instances/hgs_partitions/Veneto_partitions/Veneto_chunk_264.vrp', '/home/ubuntu/cvrp/data/instances/hgs_partitions/Veneto_partitions/Veneto_chunk_264.sol', '-t', '180', '-seed', '42']' timed out after 190 seconds"
Veneto,Veneto_chunk_265.vrp,1222560.0,180.91,OK
Veneto,Veneto_chunk_266.vrp,1290100.0,182.27,OK
Veneto,Veneto_chunk_267.vrp,978945.0,181.81,OK
Veneto,Veneto_chunk_268.vrp,1437130.0,183.12,OK
Veneto,Veneto_chunk_269.vrp,1346280.0,180.6,OK
Veneto,Veneto_chunk_27.vrp,3229060.0,182.34,OK
Veneto,Veneto_chunk_270.vrp,2836430.0,183.37,OK
Veneto,Veneto_chunk_271.vrp,3315430.0,189.06,OK
Veneto,Veneto_chunk_272.vrp,ERROR,0,No feasible route found in 60s.
Veneto,Veneto_chunk_273.vrp,2514190.0,180.42,OK
Veneto,Veneto_chunk_274.vrp,ERROR,0,"Crash: Command '['/home/ubuntu/cvrp/baselines/HGS-CVRP/build/hgs', '/home/ubuntu/cvrp/data/instances/hgs_partitions/Veneto_partitions/Veneto_chunk_274.vrp', '/home/ubuntu/cvrp/data/instances/hgs_partitions/Veneto_partitions/Veneto_chunk_274.sol', '-t', '180', '-seed', '42']' timed out after 190 seconds"
Veneto,Veneto_chunk_275.vrp,1670760.0,180.76,OK
Veneto,Veneto_chunk_276.vrp,1138320.0,180.11,OK
Veneto,Veneto_chunk_277.vrp,841216.0,180.36,OK
Veneto,Veneto_chunk_278.vrp,1801380.0,183.89,OK
Veneto,Veneto_chunk_279.vrp,1708590.0,187.85,OK
Veneto,Veneto_chunk_28.vrp,874931.0,180.87,OK
Veneto,Veneto_chunk_280.vrp,ERROR,0,No feasible route found in 60s.
Veneto,Veneto_chunk_281.vrp,5231390.0,180.27,OK
Veneto,Veneto_chunk_282.vrp,206538.0,180.1,OK
Veneto,Veneto_chunk_283.vrp,918813.0,180.29,OK
Veneto,Veneto_chunk_284.vrp,6103340.0,186.03,OK
Veneto,Veneto_chunk_285.vrp,ERROR,0,"Crash: Command '['/home/ubuntu/cvrp/baselines/HGS-CVRP/build/hgs', '/home/ubuntu/cvrp/data/instances/hgs_partitions/Veneto_partitions/Veneto_chunk_285.vrp', '/home/ubuntu/cvrp/data/instances/hgs_partitions/Veneto_partitions/Veneto_chunk_285.sol', '-t', '180', '-seed', '42']' timed out after 190 seconds"
Veneto,Veneto_chunk_286.vrp,3446270.0,187.97,OK
Veneto,Veneto_chunk_287.vrp,1124370.0,180.93,OK
Veneto,Veneto_chunk_288.vrp,ERROR,0,"Crash: Command '['/home/ubuntu/cvrp/baselines/HGS-CVRP/build/hgs', '/home/ubuntu/cvrp/data/instances/hgs_partitions/Veneto_partitions/Veneto_chunk_288.vrp', '/home/ubuntu/cvrp/data/instances/hgs_partitions/Veneto_partitions/Veneto_chunk_288.sol', '-t', '180', '-seed', '42']' timed out after 190 seconds"
Veneto,Veneto_chunk_289.vrp,1216310.0,184.13,OK
Veneto,Veneto_chunk_29.vrp,ERROR,0,"Crash: Command '['/home/ubuntu/cvrp/baselines/HGS-CVRP/build/hgs', '/home/ubuntu/cvrp/data/instances/hgs_partitions/Veneto_partitions/Veneto_chunk_29.vrp', '/home/ubuntu/cvrp/data/instances/hgs_partitions/Veneto_partitions/Veneto_chunk_29.sol', '-t', '180', '-seed', '42']' timed out after 190 seconds"
Veneto,Veneto_chunk_290.vrp,779750.0,181.82,OK
Veneto,Veneto_chunk_291.vrp,ERROR,0,No feasible route found in 60s.
Veneto,Veneto_chunk_292.vrp,1466760.0,180.76,OK
Veneto,Veneto_chunk_293.vrp,3083460.0,180.56,OK
Veneto,Veneto_chunk_294.vrp,830204.0,187.79,OK
Veneto,Veneto_chunk_295.vrp,ERROR,0,No feasible route found in 60s.
Veneto,Veneto_chunk_296.vrp,1303970.0,181.03,OK
Veneto,Veneto_chunk_297.vrp,938190.0,180.1,OK
Veneto,Veneto_chunk_298.vrp,2260020.0,181.51,OK
Veneto,Veneto_chunk_299.vrp,2697990.0,181.69,OK
Veneto,Veneto_chunk_3.vrp,ERROR,0,"Crash: Command '['/home/ubuntu/cvrp/baselines/HGS-CVRP/build/hgs', '/home/ubuntu/cvrp/data/instances/hgs_partitions/Veneto_partitions/Veneto_chunk_3.vrp', '/home/ubuntu/cvrp/data/instances/hgs_partitions/Veneto_partitions/Veneto_chunk_3.sol', '-t', '180', '-seed', '42']' timed out after 190 seconds"
Veneto,Veneto_chunk_30.vrp,2726390.0,182.16,OK
Veneto,Veneto_chunk_300.vrp,2340850.0,188.08,OK
Veneto,Veneto_chunk_301.vrp,984954.0,183.11,OK
Veneto,Veneto_chunk_302.vrp,3577900.0,184.52,OK
Veneto,Veneto_chunk_303.vrp,1260530.0,180.62,OK
Veneto,Veneto_chunk_304.vrp,3144320.0,181.4,OK
Veneto,Veneto_chunk_305.vrp,1789340.0,181.55,OK
Veneto,Veneto_chunk_306.vrp,2075680.0,180.84,OK
Veneto,Veneto_chunk_307.vrp,1027810.0,181.45,OK
Veneto,Veneto_chunk_308.vrp,2236320.0,180.4,OK
Veneto,Veneto_chunk_309.vrp,1755240.0,182.11,OK
Veneto,Veneto_chunk_31.vrp,ERROR,0,"Crash: Command '['/home/ubuntu/cvrp/baselines/HGS-CVRP/build/hgs', '/home/ubuntu/cvrp/data/instances/hgs_partitions/Veneto_partitions/Veneto_chunk_31.vrp', '/home/ubuntu/cvrp/data/instances/hgs_partitions/Veneto_partitions/Veneto_chunk_31.sol', '-t', '180', '-seed', '42']' timed out after 190 seconds"
Veneto,Veneto_chunk_310.vrp,ERROR,0,"Crash: Command '['/home/ubuntu/cvrp/baselines/HGS-CVRP/build/hgs', '/home/ubuntu/cvrp/data/instances/hgs_partitions/Veneto_partitions/Veneto_chunk_310.vrp', '/home/ubuntu/cvrp/data/instances/hgs_partitions/Veneto_partitions/Veneto_chunk_310.sol', '-t', '180', '-seed', '42']' timed out after 190 seconds"
Veneto,Veneto_chunk_311.vrp,ERROR,0,"Crash: Command '['/home/ubuntu/cvrp/baselines/HGS-CVRP/build/hgs', '/home/ubuntu/cvrp/data/instances/hgs_partitions/Veneto_partitions/Veneto_chunk_311.vrp', '/home/ubuntu/cvrp/data/instances/hgs_partitions/Veneto_partitions/Veneto_chunk_311.sol', '-t', '180', '-seed', '42']' timed out after 190 seconds"
Veneto,Veneto_chunk_312.vrp,ERROR,0,"Crash: Command '['/home/ubuntu/cvrp/baselines/HGS-CVRP/build/hgs', '/home/ubuntu/cvrp/data/instances/hgs_partitions/Veneto_partitions/Veneto_chunk_312.vrp', '/home/ubuntu/cvrp/data/instances/hgs_partitions/Veneto_partitions/Veneto_chunk_312.sol', '-t', '180', '-seed', '42']' timed out after 190 seconds"
Veneto,Veneto_chunk_313.vrp,1132870.0,181.51,OK
Veneto,Veneto_chunk_314.vrp,2490280.0,182.05,OK
Veneto,Veneto_chunk_315.vrp,1207120.0,181.48,OK
Veneto,Veneto_chunk_316.vrp,ERROR,0,"Crash: Command '['/home/ubuntu/cvrp/baselines/HGS-CVRP/build/hgs', '/home/ubuntu/cvrp/data/instances/hgs_partitions/Veneto_partitions/Veneto_chunk_316.vrp', '/home/ubuntu/cvrp/data/instances/hgs_partitions/Veneto_partitions/Veneto_chunk_316.sol', '-t', '180', '-seed', '42']' timed out after 190 seconds"
Veneto,Veneto_chunk_317.vrp,1216240.0,182.51,OK
Veneto,Veneto_chunk_318.vrp,1239850.0,182.32,OK
Veneto,Veneto_chunk_319.vrp,1307860.0,187.31,OK
Veneto,Veneto_chunk_32.vrp,1501980.0,183.21,OK
Veneto,Veneto_chunk_320.vrp,393707.0,181.95,OK
Veneto,Veneto_chunk_321.vrp,1904720.0,180.09,OK
Veneto,Veneto_chunk_322.vrp,3890220.0,182.64,OK
Veneto,Veneto_chunk_323.vrp,1314510.0,188.56,OK
Veneto,Veneto_chunk_324.vrp,868963.0,180.35,OK
Veneto,Veneto_chunk_325.vrp,2663620.0,186.63,OK
Veneto,Veneto_chunk_326.vrp,1926750.0,183.8,OK
Veneto,Veneto_chunk_327.vrp,1209680.0,183.4,OK
Veneto,Veneto_chunk_328.vrp,1407460.0,184.66,OK
Veneto,Veneto_chunk_329.vrp,1941030.0,181.35,OK
Veneto,Veneto_chunk_33.vrp,ERROR,0,"Crash: Command '['/home/ubuntu/cvrp/baselines/HGS-CVRP/build/hgs', '/home/ubuntu/cvrp/data/instances/hgs_partitions/Veneto_partitions/Veneto_chunk_33.vrp', '/home/ubuntu/cvrp/data/instances/hgs_partitions/Veneto_partitions/Veneto_chunk_33.sol', '-t', '180', '-seed', '42']' timed out after 190 seconds"
Veneto,Veneto_chunk_330.vrp,3991790.0,180.65,OK
Veneto,Veneto_chunk_331.vrp,512341.0,180.37,OK
Veneto,Veneto_chunk_332.vrp,571907.0,180.05,OK
Veneto,Veneto_chunk_333.vrp,ERROR,0,"Crash: Command '['/home/ubuntu/cvrp/baselines/HGS-CVRP/build/hgs', '/home/ubuntu/cvrp/data/instances/hgs_partitions/Veneto_partitions/Veneto_chunk_333.vrp', '/home/ubuntu/cvrp/data/instances/hgs_partitions/Veneto_partitions/Veneto_chunk_333.sol', '-t', '180', '-seed', '42']' timed out after 190 seconds"
Veneto,Veneto_chunk_334.vrp,1644750.0,181.31,OK
Veneto,Veneto_chunk_335.vrp,2212810.0,180.81,OK
Veneto,Veneto_chunk_336.vrp,1505760.0,180.84,OK
Veneto,Veneto_chunk_337.vrp,1358860.0,182.63,OK
Veneto,Veneto_chunk_338.vrp,652862.0,181.35,OK
Veneto,Veneto_chunk_339.vrp,3206240.0,182.87,OK
Veneto,Veneto_chunk_34.vrp,2890770.0,180.72,OK
Veneto,Veneto_chunk_340.vrp,1276320.0,181.96,OK
Veneto,Veneto_chunk_341.vrp,1599390.0,181.96,OK
Veneto,Veneto_chunk_342.vrp,1083120.0,180.98,OK
Veneto,Veneto_chunk_343_sweep_0.vrp,1553060.0,180.32,OK
Veneto,Veneto_chunk_343_sweep_1.vrp,1513730.0,180.64,OK
Veneto,Veneto_chunk_344.vrp,2261710.0,180.52,OK
Veneto,Veneto_chunk_345.vrp,1456490.0,187.99,OK
Veneto,Veneto_chunk_346.vrp,1019440.0,180.45,OK
Veneto,Veneto_chunk_347.vrp,1431150.0,189.57,OK
Veneto,Veneto_chunk_348.vrp,1104060.0,180.07,OK
Veneto,Veneto_chunk_349.vrp,1180750.0,181.41,OK
Veneto,Veneto_chunk_35.vrp,1359180.0,187.23,OK
Veneto,Veneto_chunk_350.vrp,1800560.0,184.08,OK
Veneto,Veneto_chunk_351.vrp,2009870.0,189.68,OK
Veneto,Veneto_chunk_352.vrp,1435110.0,186.91,OK
Veneto,Veneto_chunk_353.vrp,1268180.0,181.83,OK
Veneto,Veneto_chunk_354.vrp,712267.0,180.48,OK
Veneto,Veneto_chunk_355.vrp,1454110.0,180.67,OK
Veneto,Veneto_chunk_356.vrp,1576630.0,183.39,OK
Veneto,Veneto_chunk_357.vrp,ERROR,0,"Crash: Command '['/home/ubuntu/cvrp/baselines/HGS-CVRP/build/hgs', '/home/ubuntu/cvrp/data/instances/hgs_partitions/Veneto_partitions/Veneto_chunk_357.vrp', '/home/ubuntu/cvrp/data/instances/hgs_partitions/Veneto_partitions/Veneto_chunk_357.sol', '-t', '180', '-seed', '42']' timed out after 190 seconds"
Veneto,Veneto_chunk_358.vrp,ERROR,0,No feasible route found in 60s.
Veneto,Veneto_chunk_359.vrp,6554530.0,189.85,OK
Veneto,Veneto_chunk_36.vrp,2616640.0,184.6,OK
Veneto,Veneto_chunk_360.vrp,1307120.0,180.31,OK
Veneto,Veneto_chunk_361_sweep_0.vrp,62186.0,180.42,OK
Veneto,Veneto_chunk_361_sweep_1.vrp,39236.0,180.44,OK
Veneto,Veneto_chunk_361_sweep_2.vrp,37887.0,180.18,OK
Veneto,Veneto_chunk_361_sweep_3.vrp,36978.0,180.68,OK
Veneto,Veneto_chunk_361_sweep_4.vrp,35008.0,181.43,OK
Veneto,Veneto_chunk_361_sweep_5.vrp,34233.0,180.58,OK
Veneto,Veneto_chunk_361_sweep_6.vrp,31281.0,181.72,OK
Veneto,Veneto_chunk_361_sweep_7.vrp,26580.0,180.73,OK
Veneto,Veneto_chunk_362.vrp,2080960.0,180.35,OK
Veneto,Veneto_chunk_363.vrp,1621230.0,180.39,OK
Veneto,Veneto_chunk_364.vrp,2984600.0,184.3,OK
Veneto,Veneto_chunk_365.vrp,2277610.0,181.22,OK
Veneto,Veneto_chunk_366.vrp,2093660.0,181.73,OK
Veneto,Veneto_chunk_367.vrp,ERROR,0,"Crash: Command '['/home/ubuntu/cvrp/baselines/HGS-CVRP/build/hgs', '/home/ubuntu/cvrp/data/instances/hgs_partitions/Veneto_partitions/Veneto_chunk_367.vrp', '/home/ubuntu/cvrp/data/instances/hgs_partitions/Veneto_partitions/Veneto_chunk_367.sol', '-t', '180', '-seed', '42']' timed out after 190 seconds"
Veneto,Veneto_chunk_368.vrp,1920370.0,182.4,OK
Veneto,Veneto_chunk_369.vrp,2380920.0,182.01,OK
Veneto,Veneto_chunk_37.vrp,874528.0,180.27,OK
Veneto,Veneto_chunk_370.vrp,1903230.0,182.5,OK
Veneto,Veneto_chunk_371.vrp,3120500.0,181.11,OK
Veneto,Veneto_chunk_372.vrp,4484970.0,185.65,OK
Veneto,Veneto_chunk_373.vrp,1541480.0,180.09,OK
Veneto,Veneto_chunk_374.vrp,ERROR,0,"Crash: Command '['/home/ubuntu/cvrp/baselines/HGS-CVRP/build/hgs', '/home/ubuntu/cvrp/data/instances/hgs_partitions/Veneto_partitions/Veneto_chunk_374.vrp', '/home/ubuntu/cvrp/data/instances/hgs_partitions/Veneto_partitions/Veneto_chunk_374.sol', '-t', '180', '-seed', '42']' timed out after 190 seconds"
Veneto,Veneto_chunk_375.vrp,1329620.0,184.75,OK
Veneto,Veneto_chunk_376.vrp,4076730.0,181.17,OK
Veneto,Veneto_chunk_377.vrp,3685260.0,184.42,OK
Veneto,Veneto_chunk_378.vrp,ERROR,0,"Crash: Command '['/home/ubuntu/cvrp/baselines/HGS-CVRP/build/hgs', '/home/ubuntu/cvrp/data/instances/hgs_partitions/Veneto_partitions/Veneto_chunk_378.vrp', '/home/ubuntu/cvrp/data/instances/hgs_partitions/Veneto_partitions/Veneto_chunk_378.sol', '-t', '180', '-seed', '42']' timed out after 190 seconds"
Veneto,Veneto_chunk_379.vrp,1929860.0,185.57,OK
Veneto,Veneto_chunk_38.vrp,ERROR,0,"Crash: Command '['/home/ubuntu/cvrp/baselines/HGS-CVRP/build/hgs', '/home/ubuntu/cvrp/data/instances/hgs_partitions/Veneto_partitions/Veneto_chunk_38.vrp', '/home/ubuntu/cvrp/data/instances/hgs_partitions/Veneto_partitions/Veneto_chunk_38.sol', '-t', '180', '-seed', '42']' timed out after 190 seconds"
Veneto,Veneto_chunk_380.vrp,2402120.0,187.25,OK
Veneto,Veneto_chunk_381.vrp,ERROR,0,"Crash: Command '['/home/ubuntu/cvrp/baselines/HGS-CVRP/build/hgs', '/home/ubuntu/cvrp/data/instances/hgs_partitions/Veneto_partitions/Veneto_chunk_381.vrp', '/home/ubuntu/cvrp/data/instances/hgs_partitions/Veneto_partitions/Veneto_chunk_381.sol', '-t', '180', '-seed', '42']' timed out after 190 seconds"
Veneto,Veneto_chunk_382.vrp,2172910.0,181.71,OK
Veneto,Veneto_chunk_383.vrp,ERROR,0,"Crash: Command '['/home/ubuntu/cvrp/baselines/HGS-CVRP/build/hgs', '/home/ubuntu/cvrp/data/instances/hgs_partitions/Veneto_partitions/Veneto_chunk_383.vrp', '/home/ubuntu/cvrp/data/instances/hgs_partitions/Veneto_partitions/Veneto_chunk_383.sol', '-t', '180', '-seed', '42']' timed out after 190 seconds"
Veneto,Veneto_chunk_384.vrp,ERROR,0,No feasible route found in 60s.
Veneto,Veneto_chunk_385.vrp,1360560.0,180.68,OK
Veneto,Veneto_chunk_386.vrp,2841350.0,188.34,OK
Veneto,Veneto_chunk_387.vrp,ERROR,0,No feasible route found in 60s.
Veneto,Veneto_chunk_388.vrp,1778120.0,181.63,OK
Veneto,Veneto_chunk_389.vrp,1244750.0,182.45,OK
Veneto,Veneto_chunk_39.vrp,1556350.0,185.25,OK
Veneto,Veneto_chunk_390.vrp,3036340.0,183.64,OK
Veneto,Veneto_chunk_391.vrp,3099070.0,180.11,OK
Veneto,Veneto_chunk_392.vrp,3152270.0,182.15,OK
Veneto,Veneto_chunk_393.vrp,1630880.0,184.81,OK
Veneto,Veneto_chunk_394.vrp,1081740.0,180.33,OK
Veneto,Veneto_chunk_395.vrp,1913920.0,180.38,OK
Veneto,Veneto_chunk_396.vrp,733224.0,181.96,OK
Veneto,Veneto_chunk_397.vrp,1977820.0,180.71,OK
Veneto,Veneto_chunk_398.vrp,ERROR,0,"Crash: Command '['/home/ubuntu/cvrp/baselines/HGS-CVRP/build/hgs', '/home/ubuntu/cvrp/data/instances/hgs_partitions/Veneto_partitions/Veneto_chunk_398.vrp', '/home/ubuntu/cvrp/data/instances/hgs_partitions/Veneto_partitions/Veneto_chunk_398.sol', '-t', '180', '-seed', '42']' timed out after 190 seconds"
Veneto,Veneto_chunk_399.vrp,ERROR,0,"Crash: Command '['/home/ubuntu/cvrp/baselines/HGS-CVRP/build/hgs', '/home/ubuntu/cvrp/data/instances/hgs_partitions/Veneto_partitions/Veneto_chunk_399.vrp', '/home/ubuntu/cvrp/data/instances/hgs_partitions/Veneto_partitions/Veneto_chunk_399.sol', '-t', '180', '-seed', '42']' timed out after 190 seconds"
Veneto,Veneto_chunk_4.vrp,2534890.0,182.95,OK
Veneto,Veneto_chunk_40.vrp,2917650.0,184.02,OK
Veneto,Veneto_chunk_400.vrp,1995380.0,183.54,OK
Veneto,Veneto_chunk_401.vrp,922689.0,180.22,OK
Veneto,Veneto_chunk_402.vrp,1095430.0,186.34,OK
Veneto,Veneto_chunk_403.vrp,692614.0,180.07,OK
Veneto,Veneto_chunk_404.vrp,ERROR,0,"Crash: Command '['/home/ubuntu/cvrp/baselines/HGS-CVRP/build/hgs', '/home/ubuntu/cvrp/data/instances/hgs_partitions/Veneto_partitions/Veneto_chunk_404.vrp', '/home/ubuntu/cvrp/data/instances/hgs_partitions/Veneto_partitions/Veneto_chunk_404.sol', '-t', '180', '-seed', '42']' timed out after 190 seconds"
Veneto,Veneto_chunk_405.vrp,1516920.0,182.04,OK
Veneto,Veneto_chunk_406.vrp,2486180.0,180.12,OK
Veneto,Veneto_chunk_407.vrp,825208.0,180.12,OK
Veneto,Veneto_chunk_408.vrp,1386840.0,182.06,OK
Veneto,Veneto_chunk_409.vrp,930895.0,180.12,OK
Veneto,Veneto_chunk_41.vrp,2074520.0,185.44,OK
Veneto,Veneto_chunk_410.vrp,1074410.0,180.83,OK
Veneto,Veneto_chunk_411.vrp,2455840.0,182.85,OK
Veneto,Veneto_chunk_412.vrp,2360090.0,180.48,OK
Veneto,Veneto_chunk_413.vrp,981126.0,185.81,OK
Veneto,Veneto_chunk_414.vrp,3106330.0,188.04,OK
Veneto,Veneto_chunk_415_sweep_0.vrp,1979490.0,181.97,OK
Veneto,Veneto_chunk_415_sweep_1.vrp,1820870.0,182.09,OK
Veneto,Veneto_chunk_415_sweep_2.vrp,ERROR,0,No feasible route found in 60s.
Veneto,Veneto_chunk_415_sweep_3.vrp,1794540.0,182.35,OK
Veneto,Veneto_chunk_415_sweep_4.vrp,1785630.0,182.72,OK
Veneto,Veneto_chunk_416.vrp,2005170.0,180.17,OK
Veneto,Veneto_chunk_417.vrp,2313210.0,180.88,OK
Veneto,Veneto_chunk_418.vrp,1790220.0,180.08,OK
Veneto,Veneto_chunk_419.vrp,1264870.0,180.08,OK
Veneto,Veneto_chunk_42.vrp,646130.0,180.31,OK
Veneto,Veneto_chunk_420.vrp,2012970.0,180.87,OK
Veneto,Veneto_chunk_421.vrp,3122020.0,182.91,OK
Veneto,Veneto_chunk_422.vrp,931238.0,182.16,OK
Veneto,Veneto_chunk_423.vrp,466240.0,180.67,OK
Veneto,Veneto_chunk_43.vrp,621722.0,182.24,OK
Veneto,Veneto_chunk_44.vrp,ERROR,0,"Crash: Command '['/home/ubuntu/cvrp/baselines/HGS-CVRP/build/hgs', '/home/ubuntu/cvrp/data/instances/hgs_partitions/Veneto_partitions/Veneto_chunk_44.vrp', '/home/ubuntu/cvrp/data/instances/hgs_partitions/Veneto_partitions/Veneto_chunk_44.sol', '-t', '180', '-seed', '42']' timed out after 190 seconds"
Veneto,Veneto_chunk_45.vrp,1016870.0,180.13,OK
Veneto,Veneto_chunk_46.vrp,2692320.0,189.07,OK
Veneto,Veneto_chunk_47.vrp,2509970.0,180.47,OK
Veneto,Veneto_chunk_48.vrp,ERROR,0,"Crash: Command '['/home/ubuntu/cvrp/baselines/HGS-CVRP/build/hgs', '/home/ubuntu/cvrp/data/instances/hgs_partitions/Veneto_partitions/Veneto_chunk_48.vrp', '/home/ubuntu/cvrp/data/instances/hgs_partitions/Veneto_partitions/Veneto_chunk_48.sol', '-t', '180', '-seed', '42']' timed out after 190 seconds"
Veneto,Veneto_chunk_49_sweep_0.vrp,763228.0,180.73,OK
Veneto,Veneto_chunk_49_sweep_1.vrp,763577.0,184.12,OK
Veneto,Veneto_chunk_49_sweep_2.vrp,750993.0,182.59,OK
Veneto,Veneto_chunk_49_sweep_3.vrp,752266.0,182.71,OK
Veneto,Veneto_chunk_49_sweep_4.vrp,747047.0,181.17,OK
Veneto,Veneto_chunk_5.vrp,2051540.0,181.12,OK
Veneto,Veneto_chunk_50.vrp,5589100.0,180.44,OK
Veneto,Veneto_chunk_51.vrp,1988140.0,180.72,OK
Veneto,Veneto_chunk_52.vrp,ERROR,0,"Crash: Command '['/home/ubuntu/cvrp/baselines/HGS-CVRP/build/hgs', '/home/ubuntu/cvrp/data/instances/hgs_partitions/Veneto_partitions/Veneto_chunk_52.vrp', '/home/ubuntu/cvrp/data/instances/hgs_partitions/Veneto_partitions/Veneto_chunk_52.sol', '-t', '180', '-seed', '42']' timed out after 190 seconds"
Veneto,Veneto_chunk_53.vrp,2209440.0,184.92,OK
Veneto,Veneto_chunk_54.vrp,1701140.0,181.81,OK
Veneto,Veneto_chunk_55.vrp,1078260.0,181.5,OK
Veneto,Veneto_chunk_56.vrp,679565.0,180.34,OK
Veneto,Veneto_chunk_57.vrp,ERROR,0,"Crash: Command '['/home/ubuntu/cvrp/baselines/HGS-CVRP/build/hgs', '/home/ubuntu/cvrp/data/instances/hgs_partitions/Veneto_partitions/Veneto_chunk_57.vrp', '/home/ubuntu/cvrp/data/instances/hgs_partitions/Veneto_partitions/Veneto_chunk_57.sol', '-t', '180', '-seed', '42']' timed out after 190 seconds"
Veneto,Veneto_chunk_58.vrp,2175380.0,181.67,OK
Veneto,Veneto_chunk_59.vrp,1990250.0,180.57,OK
Veneto,Veneto_chunk_6.vrp,1513940.0,180.4,OK
Veneto,Veneto_chunk_60.vrp,1751000.0,183.24,OK
Veneto,Veneto_chunk_61.vrp,1967530.0,183.98,OK
Veneto,Veneto_chunk_62.vrp,754331.0,184.5,OK
Veneto,Veneto_chunk_63.vrp,3338170.0,184.05,OK
Veneto,Veneto_chunk_64.vrp,1966550.0,180.1,OK
Veneto,Veneto_chunk_65.vrp,1278880.0,185.6,OK
Veneto,Veneto_chunk_66.vrp,ERROR,0,"Crash: Command '['/home/ubuntu/cvrp/baselines/HGS-CVRP/build/hgs', '/home/ubuntu/cvrp/data/instances/hgs_partitions/Veneto_partitions/Veneto_chunk_66.vrp', '/home/ubuntu/cvrp/data/instances/hgs_partitions/Veneto_partitions/Veneto_chunk_66.sol', '-t', '180', '-seed', '42']' timed out after 190 seconds"
Veneto,Veneto_chunk_67.vrp,1188660.0,180.11,OK
Veneto,Veneto_chunk_68.vrp,ERROR,0,"Crash: Command '['/home/ubuntu/cvrp/baselines/HGS-CVRP/build/hgs', '/home/ubuntu/cvrp/data/instances/hgs_partitions/Veneto_partitions/Veneto_chunk_68.vrp', '/home/ubuntu/cvrp/data/instances/hgs_partitions/Veneto_partitions/Veneto_chunk_68.sol', '-t', '180', '-seed', '42']' timed out after 190 seconds"
Veneto,Veneto_chunk_69.vrp,2016150.0,188.26,OK
Veneto,Veneto_chunk_7.vrp,4069300.0,186.6,OK
Veneto,Veneto_chunk_70.vrp,ERROR,0,"Crash: Command '['/home/ubuntu/cvrp/baselines/HGS-CVRP/build/hgs', '/home/ubuntu/cvrp/data/instances/hgs_partitions/Veneto_partitions/Veneto_chunk_70.vrp', '/home/ubuntu/cvrp/data/instances/hgs_partitions/Veneto_partitions/Veneto_chunk_70.sol', '-t', '180', '-seed', '42']' timed out after 190 seconds"
Veneto,Veneto_chunk_71.vrp,ERROR,0,"Crash: Command '['/home/ubuntu/cvrp/baselines/HGS-CVRP/build/hgs', '/home/ubuntu/cvrp/data/instances/hgs_partitions/Veneto_partitions/Veneto_chunk_71.vrp', '/home/ubuntu/cvrp/data/instances/hgs_partitions/Veneto_partitions/Veneto_chunk_71.sol', '-t', '180', '-seed', '42']' timed out after 190 seconds"
Veneto,Veneto_chunk_72.vrp,5497470.0,183.58,OK
Veneto,Veneto_chunk_73.vrp,ERROR,0,"Crash: Command '['/home/ubuntu/cvrp/baselines/HGS-CVRP/build/hgs', '/home/ubuntu/cvrp/data/instances/hgs_partitions/Veneto_partitions/Veneto_chunk_73.vrp', '/home/ubuntu/cvrp/data/instances/hgs_partitions/Veneto_partitions/Veneto_chunk_73.sol', '-t', '180', '-seed', '42']' timed out after 190 seconds"
Veneto,Veneto_chunk_74.vrp,ERROR,0,"Crash: Command '['/home/ubuntu/cvrp/baselines/HGS-CVRP/build/hgs', '/home/ubuntu/cvrp/data/instances/hgs_partitions/Veneto_partitions/Veneto_chunk_74.vrp', '/home/ubuntu/cvrp/data/instances/hgs_partitions/Veneto_partitions/Veneto_chunk_74.sol', '-t', '180', '-seed', '42']' timed out after 190 seconds"
Veneto,Veneto_chunk_75.vrp,816569.0,180.36,OK
Veneto,Veneto_chunk_76.vrp,2604980.0,181.84,OK
Veneto,Veneto_chunk_77.vrp,ERROR,0,"Crash: Command '['/home/ubuntu/cvrp/baselines/HGS-CVRP/build/hgs', '/home/ubuntu/cvrp/data/instances/hgs_partitions/Veneto_partitions/Veneto_chunk_77.vrp', '/home/ubuntu/cvrp/data/instances/hgs_partitions/Veneto_partitions/Veneto_chunk_77.sol', '-t', '180', '-seed', '42']' timed out after 190 seconds"
Veneto,Veneto_chunk_78.vrp,3939120.0,182.49,OK
Veneto,Veneto_chunk_79.vrp,2458820.0,181.64,OK
Veneto,Veneto_chunk_8.vrp,2259750.0,188.28,OK
Veneto,Veneto_chunk_80.vrp,ERROR,0,"Crash: Command '['/home/ubuntu/cvrp/baselines/HGS-CVRP/build/hgs', '/home/ubuntu/cvrp/data/instances/hgs_partitions/Veneto_partitions/Veneto_chunk_80.vrp', '/home/ubuntu/cvrp/data/instances/hgs_partitions/Veneto_partitions/Veneto_chunk_80.sol', '-t', '180', '-seed', '42']' timed out after 190 seconds"
Veneto,Veneto_chunk_81.vrp,4451840.0,181.31,OK
Veneto,Veneto_chunk_82.vrp,2839100.0,182.59,OK
Veneto,Veneto_chunk_83.vrp,1257640.0,181.84,OK
Veneto,Veneto_chunk_84.vrp,2522950.0,183.5,OK
Veneto,Veneto_chunk_85.vrp,2782530.0,181.0,OK
Veneto,Veneto_chunk_86.vrp,1948670.0,186.92,OK
Veneto,Veneto_chunk_87.vrp,1191340.0,183.14,OK
Veneto,Veneto_chunk_88.vrp,ERROR,0,"Crash: Command '['/home/ubuntu/cvrp/baselines/HGS-CVRP/build/hgs', '/home/ubuntu/cvrp/data/instances/hgs_partitions/Veneto_partitions/Veneto_chunk_88.vrp', '/home/ubuntu/cvrp/data/instances/hgs_partitions/Veneto_partitions/Veneto_chunk_88.sol', '-t', '180', '-seed', '42']' timed out after 190 seconds"
Veneto,Veneto_chunk_89.vrp,ERROR,0,"Crash: Command '['/home/ubuntu/cvrp/baselines/HGS-CVRP/build/hgs', '/home/ubuntu/cvrp/data/instances/hgs_partitions/Veneto_partitions/Veneto_chunk_89.vrp', '/home/ubuntu/cvrp/data/instances/hgs_partitions/Veneto_partitions/Veneto_chunk_89.sol', '-t', '180', '-seed', '42']' timed out after 190 seconds"
Veneto,Veneto_chunk_9.vrp,5295510.0,188.67,OK
Veneto,Veneto_chunk_90.vrp,4039240.0,182.18,OK
Veneto,Veneto_chunk_91.vrp,2225220.0,184.29,OK
Veneto,Veneto_chunk_92.vrp,2532070.0,183.39,OK
Veneto,Veneto_chunk_93.vrp,1166910.0,180.74,OK
Veneto,Veneto_chunk_94.vrp,558812.0,180.38,OK
Veneto,Veneto_chunk_95.vrp,1605780.0,185.03,OK
Veneto,Veneto_chunk_96.vrp,1170670.0,181.57,OK
Veneto,Veneto_chunk_97.vrp,ERROR,0,"Crash: Command '['/home/ubuntu/cvrp/baselines/HGS-CVRP/build/hgs', '/home/ubuntu/cvrp/data/instances/hgs_partitions/Veneto_partitions/Veneto_chunk_97.vrp', '/home/ubuntu/cvrp/data/instances/hgs_partitions/Veneto_partitions/Veneto_chunk_97.sol', '-t', '180', '-seed', '42']' timed out after 190 seconds"
Veneto,Veneto_chunk_98.vrp,818202.0,180.37,OK
Veneto,Veneto_chunk_99.vrp,377724.0,181.6,OK
Veneto,[TOTAL AGGREGATE],INCOMPLETE,733623580.0,Only 370/458 succeeded
XML1000000_2324_01,XML1000000_2324_01_chunk_0.vrp,ERROR,0,No feasible route found in 60s.
XML1000000_2324_01,XML1000000_2324_01_chunk_10.vrp,ERROR,0,No feasible route found in 60s.
XML1000000_2324_01,XML1000000_2324_01_chunk_100.vrp,ERROR,0,No feasible route found in 60s.
XML1000000_2324_01,XML1000000_2324_01_chunk_101.vrp,ERROR,0,No feasible route found in 60s.
XML1000000_2324_01,XML1000000_2324_01_chunk_102.vrp,ERROR,0,No feasible route found in 60s.
XML1000000_2324_01,XML1000000_2324_01_chunk_103.vrp,ERROR,0,No feasible route found in 60s.
XML1000000_2324_01,XML1000000_2324_01_chunk_104.vrp,ERROR,0,No feasible route found in 60s.
XML1000000_2324_01,XML1000000_2324_01_chunk_105.vrp,ERROR,0,No feasible route found in 60s.
XML1000000_2324_01,XML1000000_2324_01_chunk_106.vrp,ERROR,0,No feasible route found in 60s.
XML1000000_2324_01,XML1000000_2324_01_chunk_107.vrp,ERROR,0,No feasible route found in 60s.
XML1000000_2324_01,XML1000000_2324_01_chunk_108.vrp,ERROR,0,No feasible route found in 60s.
XML1000000_2324_01,XML1000000_2324_01_chunk_109_sweep_0.vrp,ERROR,0,No feasible route found in 60s.
XML1000000_2324_01,XML1000000_2324_01_chunk_109_sweep_1.vrp,ERROR,0,No feasible route found in 60s.
XML1000000_2324_01,XML1000000_2324_01_chunk_109_sweep_2.vrp,ERROR,0,No feasible route found in 60s.
XML1000000_2324_01,XML1000000_2324_01_chunk_110.vrp,ERROR,0,No feasible route found in 60s.
XML1000000_2324_01,XML1000000_2324_01_chunk_111.vrp,ERROR,0,No feasible route found in 60s.
XML1000000_2324_01,XML1000000_2324_01_chunk_112.vrp,ERROR,0,No feasible route found in 60s.
XML1000000_2324_01,XML1000000_2324_01_chunk_113.vrp,ERROR,0,"Crash: Command '['/home/ubuntu/cvrp/baselines/HGS-CVRP/build/hgs', '/home/ubuntu/cvrp/data/instances/hgs_partitions/XML1000000_2324_01_partitions/XML1000000_2324_01_chunk_113.vrp', '/home/ubuntu/cvrp/data/instances/hgs_partitions/XML1000000_2324_01_partitions/XML1000000_2324_01_chunk_113.sol', '-t', '180', '-seed', '42']' timed out after 190 seconds"
XML1000000_2324_01,XML1000000_2324_01_chunk_114.vrp,ERROR,0,No feasible route found in 60s.
XML1000000_2324_01,XML1000000_2324_01_chunk_115.vrp,ERROR,0,No feasible route found in 60s.
XML1000000_2324_01,XML1000000_2324_01_chunk_116.vrp,ERROR,0,No feasible route found in 60s.
XML1000000_2324_01,XML1000000_2324_01_chunk_117.vrp,ERROR,0,No feasible route found in 60s.
XML1000000_2324_01,XML1000000_2324_01_chunk_118.vrp,ERROR,0,No feasible route found in 60s.
XML1000000_2324_01,XML1000000_2324_01_chunk_119.vrp,ERROR,0,No feasible route found in 60s.
XML1000000_2324_01,XML1000000_2324_01_chunk_11_sweep_0.vrp,ERROR,0,No feasible route found in 60s.
XML1000000_2324_01,XML1000000_2324_01_chunk_11_sweep_1.vrp,ERROR,0,No feasible route found in 60s.
XML1000000_2324_01,XML1000000_2324_01_chunk_11_sweep_2.vrp,ERROR,0,No feasible route found in 60s.
XML1000000_2324_01,XML1000000_2324_01_chunk_12.vrp,ERROR,0,No feasible route found in 60s.
XML1000000_2324_01,XML1000000_2324_01_chunk_120.vrp,ERROR,0,No feasible route found in 60s.
XML1000000_2324_01,XML1000000_2324_01_chunk_121.vrp,ERROR,0,"Crash: Command '['/home/ubuntu/cvrp/baselines/HGS-CVRP/build/hgs', '/home/ubuntu/cvrp/data/instances/hgs_partitions/XML1000000_2324_01_partitions/XML1000000_2324_01_chunk_121.vrp', '/home/ubuntu/cvrp/data/instances/hgs_partitions/XML1000000_2324_01_partitions/XML1000000_2324_01_chunk_121.sol', '-t', '180', '-seed', '42']' timed out after 190 seconds"
XML1000000_2324_01,XML1000000_2324_01_chunk_122.vrp,ERROR,0,No feasible route found in 60s.
XML1000000_2324_01,XML1000000_2324_01_chunk_123.vrp,ERROR,0,No feasible route found in 60s.
XML1000000_2324_01,XML1000000_2324_01_chunk_124.vrp,ERROR,0,No feasible route found in 60s.
XML1000000_2324_01,XML1000000_2324_01_chunk_125.vrp,ERROR,0,No feasible route found in 60s.
XML1000000_2324_01,XML1000000_2324_01_chunk_126_sweep_0.vrp,ERROR,0,No feasible route found in 60s.
XML1000000_2324_01,XML1000000_2324_01_chunk_126_sweep_1.vrp,ERROR,0,No feasible route found in 60s.
XML1000000_2324_01,XML1000000_2324_01_chunk_126_sweep_2.vrp,ERROR,0,No feasible route found in 60s.
XML1000000_2324_01,XML1000000_2324_01_chunk_126_sweep_3.vrp,ERROR,0,No feasible route found in 60s.
XML1000000_2324_01,XML1000000_2324_01_chunk_126_sweep_4.vrp,ERROR,0,No feasible route found in 60s.
XML1000000_2324_01,XML1000000_2324_01_chunk_127.vrp,ERROR,0,No feasible route found in 60s.
XML1000000_2324_01,XML1000000_2324_01_chunk_128.vrp,ERROR,0,No feasible route found in 60s.
XML1000000_2324_01,XML1000000_2324_01_chunk_129.vrp,ERROR,0,No feasible route found in 60s.
XML1000000_2324_01,XML1000000_2324_01_chunk_13.vrp,ERROR,0,No feasible route found in 60s.
XML1000000_2324_01,XML1000000_2324_01_chunk_130.vrp,ERROR,0,No feasible route found in 60s.
XML1000000_2324_01,XML1000000_2324_01_chunk_131.vrp,ERROR,0,No feasible route found in 60s.
XML1000000_2324_01,XML1000000_2324_01_chunk_132.vrp,ERROR,0,No feasible route found in 60s.
XML1000000_2324_01,XML1000000_2324_01_chunk_133.vrp,ERROR,0,No feasible route found in 60s.
XML1000000_2324_01,XML1000000_2324_01_chunk_134.vrp,ERROR,0,No feasible route found in 60s.
XML1000000_2324_01,XML1000000_2324_01_chunk_135.vrp,ERROR,0,No feasible route found in 60s.
XML1000000_2324_01,XML1000000_2324_01_chunk_136_sweep_0.vrp,ERROR,0,No feasible route found in 60s.
XML1000000_2324_01,XML1000000_2324_01_chunk_136_sweep_1.vrp,ERROR,0,No feasible route found in 60s.
XML1000000_2324_01,XML1000000_2324_01_chunk_136_sweep_2.vrp,ERROR,0,No feasible route found in 60s.
XML1000000_2324_01,XML1000000_2324_01_chunk_137.vrp,ERROR,0,No feasible route found in 60s.
XML1000000_2324_01,XML1000000_2324_01_chunk_138.vrp,ERROR,0,No feasible route found in 60s.
XML1000000_2324_01,XML1000000_2324_01_chunk_139.vrp,ERROR,0,No feasible route found in 60s.
XML1000000_2324_01,XML1000000_2324_01_chunk_14.vrp,ERROR,0,No feasible route found in 60s.
XML1000000_2324_01,XML1000000_2324_01_chunk_140.vrp,ERROR,0,No feasible route found in 60s.
XML1000000_2324_01,XML1000000_2324_01_chunk_141_sweep_0.vrp,ERROR,0,No feasible route found in 60s.
XML1000000_2324_01,XML1000000_2324_01_chunk_141_sweep_1.vrp,ERROR,0,No feasible route found in 60s.
XML1000000_2324_01,XML1000000_2324_01_chunk_141_sweep_2.vrp,ERROR,0,No feasible route found in 60s.
XML1000000_2324_01,XML1000000_2324_01_chunk_141_sweep_3.vrp,ERROR,0,No feasible route found in 60s.
XML1000000_2324_01,XML1000000_2324_01_chunk_142.vrp,ERROR,0,No feasible route found in 60s.
XML1000000_2324_01,XML1000000_2324_01_chunk_143.vrp,ERROR,0,No feasible route found in 60s.
XML1000000_2324_01,XML1000000_2324_01_chunk_144.vrp,ERROR,0,No feasible route found in 60s.
XML1000000_2324_01,XML1000000_2324_01_chunk_145_sweep_0.vrp,ERROR,0,No feasible route found in 60s.
XML1000000_2324_01,XML1000000_2324_01_chunk_145_sweep_1.vrp,ERROR,0,No feasible route found in 60s.
XML1000000_2324_01,XML1000000_2324_01_chunk_145_sweep_2.vrp,ERROR,0,No feasible route found in 60s.
XML1000000_2324_01,XML1000000_2324_01_chunk_146.vrp,ERROR,0,No feasible route found in 60s.
XML1000000_2324_01,XML1000000_2324_01_chunk_147.vrp,ERROR,0,No feasible route found in 60s.
XML1000000_2324_01,XML1000000_2324_01_chunk_148.vrp,ERROR,0,No feasible route found in 60s.
XML1000000_2324_01,XML1000000_2324_01_chunk_149.vrp,ERROR,0,No feasible route found in 60s.
XML1000000_2324_01,XML1000000_2324_01_chunk_15.vrp,ERROR,0,No feasible route found in 60s.
XML1000000_2324_01,XML1000000_2324_01_chunk_150.vrp,ERROR,0,No feasible route found in 60s.
XML1000000_2324_01,XML1000000_2324_01_chunk_151.vrp,ERROR,0,No feasible route found in 60s.
XML1000000_2324_01,XML1000000_2324_01_chunk_152.vrp,ERROR,0,No feasible route found in 60s.
XML1000000_2324_01,XML1000000_2324_01_chunk_153.vrp,ERROR,0,No feasible route found in 60s.
XML1000000_2324_01,XML1000000_2324_01_chunk_154.vrp,ERROR,0,No feasible route found in 60s.
XML1000000_2324_01,XML1000000_2324_01_chunk_155.vrp,ERROR,0,No feasible route found in 60s.
XML1000000_2324_01,XML1000000_2324_01_chunk_156.vrp,ERROR,0,No feasible route found in 60s.
XML1000000_2324_01,XML1000000_2324_01_chunk_157.vrp,ERROR,0,No feasible route found in 60s.
XML1000000_2324_01,XML1000000_2324_01_chunk_158.vrp,ERROR,0,No feasible route found in 60s.
XML1000000_2324_01,XML1000000_2324_01_chunk_159.vrp,ERROR,0,No feasible route found in 60s.
XML1000000_2324_01,XML1000000_2324_01_chunk_160.vrp,ERROR,0,No feasible route found in 60s.
XML1000000_2324_01,XML1000000_2324_01_chunk_161.vrp,ERROR,0,No feasible route found in 60s.
XML1000000_2324_01,XML1000000_2324_01_chunk_162.vrp,ERROR,0,No feasible route found in 60s.
XML1000000_2324_01,XML1000000_2324_01_chunk_163.vrp,ERROR,0,No feasible route found in 60s.
XML1000000_2324_01,XML1000000_2324_01_chunk_164.vrp,ERROR,0,No feasible route found in 60s.
XML1000000_2324_01,XML1000000_2324_01_chunk_165.vrp,ERROR,0,No feasible route found in 60s.
XML1000000_2324_01,XML1000000_2324_01_chunk_166.vrp,ERROR,0,No feasible route found in 60s.
XML1000000_2324_01,XML1000000_2324_01_chunk_167.vrp,ERROR,0,No feasible route found in 60s.
XML1000000_2324_01,XML1000000_2324_01_chunk_168.vrp,ERROR,0,No feasible route found in 60s.
XML1000000_2324_01,XML1000000_2324_01_chunk_169.vrp,ERROR,0,No feasible route found in 60s.
XML1000000_2324_01,XML1000000_2324_01_chunk_16_sweep_0.vrp,ERROR,0,No feasible route found in 60s.
XML1000000_2324_01,XML1000000_2324_01_chunk_16_sweep_1.vrp,ERROR,0,No feasible route found in 60s.
XML1000000_2324_01,XML1000000_2324_01_chunk_16_sweep_2.vrp,ERROR,0,No feasible route found in 60s.
XML1000000_2324_01,XML1000000_2324_01_chunk_17.vrp,ERROR,0,No feasible route found in 60s.
XML1000000_2324_01,XML1000000_2324_01_chunk_170.vrp,ERROR,0,No feasible route found in 60s.
XML1000000_2324_01,XML1000000_2324_01_chunk_171_sweep_0.vrp,ERROR,0,No feasible route found in 60s.
XML1000000_2324_01,XML1000000_2324_01_chunk_171_sweep_1.vrp,ERROR,0,No feasible route found in 60s.
XML1000000_2324_01,XML1000000_2324_01_chunk_171_sweep_2.vrp,ERROR,0,No feasible route found in 60s.
XML1000000_2324_01,XML1000000_2324_01_chunk_171_sweep_3.vrp,ERROR,0,No feasible route found in 60s.
XML1000000_2324_01,XML1000000_2324_01_chunk_172_sweep_0.vrp,ERROR,0,No feasible route found in 60s.
XML1000000_2324_01,XML1000000_2324_01_chunk_172_sweep_1.vrp,ERROR,0,No feasible route found in 60s.
XML1000000_2324_01,XML1000000_2324_01_chunk_172_sweep_2.vrp,ERROR,0,No feasible route found in 60s.
XML1000000_2324_01,XML1000000_2324_01_chunk_173.vrp,ERROR,0,No feasible route found in 60s.
XML1000000_2324_01,XML1000000_2324_01_chunk_174.vrp,ERROR,0,No feasible route found in 60s.
XML1000000_2324_01,XML1000000_2324_01_chunk_175.vrp,27848600.0,182.94,OK
XML1000000_2324_01,XML1000000_2324_01_chunk_176.vrp,ERROR,0,No feasible route found in 60s.
XML1000000_2324_01,XML1000000_2324_01_chunk_177.vrp,ERROR,0,No feasible route found in 60s.
XML1000000_2324_01,XML1000000_2324_01_chunk_178_sweep_0.vrp,ERROR,0,No feasible route found in 60s.
XML1000000_2324_01,XML1000000_2324_01_chunk_178_sweep_1.vrp,ERROR,0,No feasible route found in 60s.
XML1000000_2324_01,XML1000000_2324_01_chunk_178_sweep_2.vrp,ERROR,0,No feasible route found in 60s.
XML1000000_2324_01,XML1000000_2324_01_chunk_179.vrp,ERROR,0,No feasible route found in 60s.
XML1000000_2324_01,XML1000000_2324_01_chunk_18.vrp,ERROR,0,No feasible route found in 60s.
XML1000000_2324_01,XML1000000_2324_01_chunk_180_sweep_0.vrp,ERROR,0,No feasible route found in 60s.
XML1000000_2324_01,XML1000000_2324_01_chunk_180_sweep_1.vrp,32724200.0,180.24,OK
XML1000000_2324_01,XML1000000_2324_01_chunk_180_sweep_2.vrp,30592000.0,180.39,OK
XML1000000_2324_01,XML1000000_2324_01_chunk_181.vrp,ERROR,0,No feasible route found in 60s.
XML1000000_2324_01,XML1000000_2324_01_chunk_182.vrp,ERROR,0,No feasible route found in 60s.
XML1000000_2324_01,XML1000000_2324_01_chunk_183.vrp,21596000.0,183.52,OK
XML1000000_2324_01,XML1000000_2324_01_chunk_184.vrp,ERROR,0,No feasible route found in 60s.
XML1000000_2324_01,XML1000000_2324_01_chunk_185.vrp,ERROR,0,No feasible route found in 60s.
XML1000000_2324_01,XML1000000_2324_01_chunk_186.vrp,ERROR,0,No feasible route found in 60s.
XML1000000_2324_01,XML1000000_2324_01_chunk_187.vrp,ERROR,0,No feasible route found in 60s.
XML1000000_2324_01,XML1000000_2324_01_chunk_188_sweep_0.vrp,ERROR,0,No feasible route found in 60s.
XML1000000_2324_01,XML1000000_2324_01_chunk_188_sweep_1.vrp,ERROR,0,No feasible route found in 60s.
XML1000000_2324_01,XML1000000_2324_01_chunk_188_sweep_2.vrp,ERROR,0,No feasible route found in 60s.
XML1000000_2324_01,XML1000000_2324_01_chunk_189_sweep_0.vrp,ERROR,0,No feasible route found in 60s.
XML1000000_2324_01,XML1000000_2324_01_chunk_189_sweep_1.vrp,ERROR,0,No feasible route found in 60s.
XML1000000_2324_01,XML1000000_2324_01_chunk_190_sweep_0.vrp,ERROR,0,No feasible route found in 60s.
XML1000000_2324_01,XML1000000_2324_01_chunk_190_sweep_1.vrp,ERROR,0,No feasible route found in 60s.
XML1000000_2324_01,XML1000000_2324_01_chunk_190_sweep_2.vrp,ERROR,0,No feasible route found in 60s.
XML1000000_2324_01,XML1000000_2324_01_chunk_191_sweep_0.vrp,73397600.0,180.15,OK
XML1000000_2324_01,XML1000000_2324_01_chunk_191_sweep_1.vrp,ERROR,0,No feasible route found in 60s.
XML1000000_2324_01,XML1000000_2324_01_chunk_192.vrp,ERROR,0,No feasible route found in 60s.
XML1000000_2324_01,XML1000000_2324_01_chunk_193_sweep_0.vrp,ERROR,0,No feasible route found in 60s.
XML1000000_2324_01,XML1000000_2324_01_chunk_193_sweep_1.vrp,90523500.0,180.11,OK
XML1000000_2324_01,XML1000000_2324_01_chunk_194.vrp,ERROR,0,No feasible route found in 60s.
XML1000000_2324_01,XML1000000_2324_01_chunk_195.vrp,ERROR,0,No feasible route found in 60s.
XML1000000_2324_01,XML1000000_2324_01_chunk_196.vrp,ERROR,0,No feasible route found in 60s.
XML1000000_2324_01,XML1000000_2324_01_chunk_197_sweep_0.vrp,ERROR,0,No feasible route found in 60s.
XML1000000_2324_01,XML1000000_2324_01_chunk_197_sweep_1.vrp,ERROR,0,No feasible route found in 60s.
XML1000000_2324_01,XML1000000_2324_01_chunk_197_sweep_2.vrp,44020000.0,181.01,OK
XML1000000_2324_01,XML1000000_2324_01_chunk_197_sweep_3.vrp,ERROR,0,No feasible route found in 60s.
XML1000000_2324_01,XML1000000_2324_01_chunk_197_sweep_4.vrp,ERROR,0,No feasible route found in 60s.
XML1000000_2324_01,XML1000000_2324_01_chunk_198.vrp,ERROR,0,No feasible route found in 60s.
XML1000000_2324_01,XML1000000_2324_01_chunk_199.vrp,ERROR,0,No feasible route found in 60s.
XML1000000_2324_01,XML1000000_2324_01_chunk_19_sweep_0.vrp,ERROR,0,No feasible route found in 60s.
XML1000000_2324_01,XML1000000_2324_01_chunk_19_sweep_1.vrp,ERROR,0,No feasible route found in 60s.
XML1000000_2324_01,XML1000000_2324_01_chunk_19_sweep_2.vrp,ERROR,0,No feasible route found in 60s.
XML1000000_2324_01,XML1000000_2324_01_chunk_1_sweep_0.vrp,ERROR,0,No feasible route found in 60s.
XML1000000_2324_01,XML1000000_2324_01_chunk_1_sweep_1.vrp,ERROR,0,No feasible route found in 60s.
XML1000000_2324_01,XML1000000_2324_01_chunk_1_sweep_2.vrp,ERROR,0,No feasible route found in 60s.
XML1000000_2324_01,XML1000000_2324_01_chunk_2.vrp,ERROR,0,No feasible route found in 60s.
XML1000000_2324_01,XML1000000_2324_01_chunk_20.vrp,ERROR,0,No feasible route found in 60s.
XML1000000_2324_01,XML1000000_2324_01_chunk_200.vrp,ERROR,0,No feasible route found in 60s.
XML1000000_2324_01,XML1000000_2324_01_chunk_201.vrp,ERROR,0,No feasible route found in 60s.
XML1000000_2324_01,XML1000000_2324_01_chunk_202.vrp,ERROR,0,No feasible route found in 60s.
XML1000000_2324_01,XML1000000_2324_01_chunk_203_sweep_0.vrp,ERROR,0,No feasible route found in 60s.
XML1000000_2324_01,XML1000000_2324_01_chunk_203_sweep_1.vrp,ERROR,0,No feasible route found in 60s.
XML1000000_2324_01,XML1000000_2324_01_chunk_204.vrp,ERROR,0,No feasible route found in 60s.
XML1000000_2324_01,XML1000000_2324_01_chunk_205_sweep_0.vrp,ERROR,0,No feasible route found in 60s.
XML1000000_2324_01,XML1000000_2324_01_chunk_205_sweep_1.vrp,ERROR,0,No feasible route found in 60s.
XML1000000_2324_01,XML1000000_2324_01_chunk_205_sweep_2.vrp,ERROR,0,No feasible route found in 60s.
XML1000000_2324_01,XML1000000_2324_01_chunk_206.vrp,ERROR,0,No feasible route found in 60s.
XML1000000_2324_01,XML1000000_2324_01_chunk_207.vrp,ERROR,0,No feasible route found in 60s.
XML1000000_2324_01,XML1000000_2324_01_chunk_208.vrp,ERROR,0,No feasible route found in 60s.
XML1000000_2324_01,XML1000000_2324_01_chunk_209.vrp,ERROR,0,No feasible route found in 60s.
XML1000000_2324_01,XML1000000_2324_01_chunk_210_sweep_0.vrp,ERROR,0,No feasible route found in 60s.
XML1000000_2324_01,XML1000000_2324_01_chunk_210_sweep_1.vrp,ERROR,0,No feasible route found in 60s.
XML1000000_2324_01,XML1000000_2324_01_chunk_210_sweep_2.vrp,ERROR,0,No feasible route found in 60s.
XML1000000_2324_01,XML1000000_2324_01_chunk_210_sweep_3.vrp,ERROR,0,No feasible route found in 60s.
XML1000000_2324_01,XML1000000_2324_01_chunk_211.vrp,ERROR,0,No feasible route found in 60s.
XML1000000_2324_01,XML1000000_2324_01_chunk_212.vrp,ERROR,0,No feasible route found in 60s.
XML1000000_2324_01,XML1000000_2324_01_chunk_213.vrp,ERROR,0,No feasible route found in 60s.
XML1000000_2324_01,XML1000000_2324_01_chunk_214.vrp,ERROR,0,No feasible route found in 60s.
XML1000000_2324_01,XML1000000_2324_01_chunk_215.vrp,ERROR,0,No feasible route found in 60s.
XML1000000_2324_01,XML1000000_2324_01_chunk_216.vrp,ERROR,0,No feasible route found in 60s.
XML1000000_2324_01,XML1000000_2324_01_chunk_217.vrp,ERROR,0,No feasible route found in 60s.
XML1000000_2324_01,XML1000000_2324_01_chunk_218_sweep_0.vrp,ERROR,0,No feasible route found in 60s.
XML1000000_2324_01,XML1000000_2324_01_chunk_218_sweep_1.vrp,74763900.0,180.32,OK
XML1000000_2324_01,XML1000000_2324_01_chunk_218_sweep_2.vrp,ERROR,0,No feasible route found in 60s.
XML1000000_2324_01,XML1000000_2324_01_chunk_219.vrp,ERROR,0,No feasible route found in 60s.
XML1000000_2324_01,XML1000000_2324_01_chunk_21_sweep_0.vrp,ERROR,0,No feasible route found in 60s.
XML1000000_2324_01,XML1000000_2324_01_chunk_21_sweep_1.vrp,ERROR,0,No feasible route found in 60s.
XML1000000_2324_01,XML1000000_2324_01_chunk_22.vrp,ERROR,0,No feasible route found in 60s.
XML1000000_2324_01,XML1000000_2324_01_chunk_220.vrp,ERROR,0,No feasible route found in 60s.
XML1000000_2324_01,XML1000000_2324_01_chunk_221_sweep_0.vrp,ERROR,0,No feasible route found in 60s.
XML1000000_2324_01,XML1000000_2324_01_chunk_221_sweep_1.vrp,ERROR,0,No feasible route found in 60s.
XML1000000_2324_01,XML1000000_2324_01_chunk_221_sweep_2.vrp,ERROR,0,No feasible route found in 60s.
XML1000000_2324_01,XML1000000_2324_01_chunk_222_sweep_0.vrp,ERROR,0,No feasible route found in 60s.
XML1000000_2324_01,XML1000000_2324_01_chunk_222_sweep_1.vrp,ERROR,0,No feasible route found in 60s.
XML1000000_2324_01,XML1000000_2324_01_chunk_223.vrp,ERROR,0,No feasible route found in 60s.
XML1000000_2324_01,XML1000000_2324_01_chunk_224.vrp,ERROR,0,No feasible route found in 60s.
XML1000000_2324_01,XML1000000_2324_01_chunk_225.vrp,ERROR,0,No feasible route found in 60s.
XML1000000_2324_01,XML1000000_2324_01_chunk_226_sweep_0.vrp,ERROR,0,No feasible route found in 60s.
XML1000000_2324_01,XML1000000_2324_01_chunk_226_sweep_1.vrp,ERROR,0,No feasible route found in 60s.
XML1000000_2324_01,XML1000000_2324_01_chunk_227_sweep_0.vrp,ERROR,0,No feasible route found in 60s.
XML1000000_2324_01,XML1000000_2324_01_chunk_227_sweep_1.vrp,ERROR,0,No feasible route found in 60s.
XML1000000_2324_01,XML1000000_2324_01_chunk_227_sweep_2.vrp,ERROR,0,No feasible route found in 60s.
XML1000000_2324_01,XML1000000_2324_01_chunk_227_sweep_3.vrp,ERROR,0,No feasible route found in 60s.
XML1000000_2324_01,XML1000000_2324_01_chunk_228.vrp,ERROR,0,No feasible route found in 60s.
XML1000000_2324_01,XML1000000_2324_01_chunk_229_sweep_0.vrp,97959400.0,180.08,OK
XML1000000_2324_01,XML1000000_2324_01_chunk_229_sweep_1.vrp,ERROR,0,No feasible route found in 60s.
XML1000000_2324_01,XML1000000_2324_01_chunk_23.vrp,ERROR,0,No feasible route found in 60s.
XML1000000_2324_01,XML1000000_2324_01_chunk_230_sweep_0.vrp,35679100.0,181.42,OK
XML1000000_2324_01,XML1000000_2324_01_chunk_230_sweep_1.vrp,ERROR,0,No feasible route found in 60s.
XML1000000_2324_01,XML1000000_2324_01_chunk_230_sweep_2.vrp,ERROR,0,No feasible route found in 60s.
XML1000000_2324_01,XML1000000_2324_01_chunk_230_sweep_3.vrp,ERROR,0,No feasible route found in 60s.
XML1000000_2324_01,XML1000000_2324_01_chunk_231.vrp,ERROR,0,No feasible route found in 60s.
XML1000000_2324_01,XML1000000_2324_01_chunk_232_sweep_0.vrp,ERROR,0,No feasible route found in 60s.
XML1000000_2324_01,XML1000000_2324_01_chunk_232_sweep_1.vrp,56916400.0,180.36,OK
XML1000000_2324_01,XML1000000_2324_01_chunk_232_sweep_2.vrp,ERROR,0,No feasible route found in 60s.
XML1000000_2324_01,XML1000000_2324_01_chunk_233.vrp,20559800.0,183.37,OK
XML1000000_2324_01,XML1000000_2324_01_chunk_234_sweep_0.vrp,55999600.0,180.1,OK
XML1000000_2324_01,XML1000000_2324_01_chunk_234_sweep_1.vrp,57569200.0,180.41,OK
XML1000000_2324_01,XML1000000_2324_01_chunk_235.vrp,ERROR,0,No feasible route found in 60s.
XML1000000_2324_01,XML1000000_2324_01_chunk_236.vrp,ERROR,0,No feasible route found in 60s.
XML1000000_2324_01,XML1000000_2324_01_chunk_237.vrp,ERROR,0,No feasible route found in 60s.
XML1000000_2324_01,XML1000000_2324_01_chunk_238_sweep_0.vrp,ERROR,0,No feasible route found in 60s.
XML1000000_2324_01,XML1000000_2324_01_chunk_238_sweep_1.vrp,ERROR,0,No feasible route found in 60s.
XML1000000_2324_01,XML1000000_2324_01_chunk_239.vrp,ERROR,0,No feasible route found in 60s.
XML1000000_2324_01,XML1000000_2324_01_chunk_24.vrp,ERROR,0,No feasible route found in 60s.
XML1000000_2324_01,XML1000000_2324_01_chunk_240.vrp,ERROR,0,No feasible route found in 60s.
XML1000000_2324_01,XML1000000_2324_01_chunk_241.vrp,ERROR,0,No feasible route found in 60s.
XML1000000_2324_01,XML1000000_2324_01_chunk_242_sweep_0.vrp,ERROR,0,No feasible route found in 60s.
XML1000000_2324_01,XML1000000_2324_01_chunk_242_sweep_1.vrp,ERROR,0,No feasible route found in 60s.
XML1000000_2324_01,XML1000000_2324_01_chunk_243_sweep_0.vrp,ERROR,0,No feasible route found in 60s.
XML1000000_2324_01,XML1000000_2324_01_chunk_243_sweep_1.vrp,ERROR,0,No feasible route found in 60s.
XML1000000_2324_01,XML1000000_2324_01_chunk_244.vrp,ERROR,0,No feasible route found in 60s.
XML1000000_2324_01,XML1000000_2324_01_chunk_245_sweep_0.vrp,60176300.0,180.25,OK
XML1000000_2324_01,XML1000000_2324_01_chunk_245_sweep_1.vrp,ERROR,0,No feasible route found in 60s.
XML1000000_2324_01,XML1000000_2324_01_chunk_246.vrp,ERROR,0,No feasible route found in 60s.
XML1000000_2324_01,XML1000000_2324_01_chunk_247_sweep_0.vrp,29647400.0,182.56,OK
XML1000000_2324_01,XML1000000_2324_01_chunk_247_sweep_1.vrp,29575100.0,180.62,OK
XML1000000_2324_01,XML1000000_2324_01_chunk_247_sweep_2.vrp,29438500.0,181.92,OK
XML1000000_2324_01,XML1000000_2324_01_chunk_248.vrp,ERROR,0,No feasible route found in 60s.
XML1000000_2324_01,XML1000000_2324_01_chunk_249.vrp,ERROR,0,No feasible route found in 60s.
XML1000000_2324_01,XML1000000_2324_01_chunk_250_sweep_0.vrp,ERROR,0,No feasible route found in 60s.
XML1000000_2324_01,XML1000000_2324_01_chunk_250_sweep_1.vrp,ERROR,0,No feasible route found in 60s.
XML1000000_2324_01,XML1000000_2324_01_chunk_250_sweep_2.vrp,ERROR,0,No feasible route found in 60s.
XML1000000_2324_01,XML1000000_2324_01_chunk_250_sweep_3.vrp,ERROR,0,No feasible route found in 60s.
XML1000000_2324_01,XML1000000_2324_01_chunk_250_sweep_4.vrp,ERROR,0,No feasible route found in 60s.
XML1000000_2324_01,XML1000000_2324_01_chunk_251_sweep_0.vrp,ERROR,0,No feasible route found in 60s.
XML1000000_2324_01,XML1000000_2324_01_chunk_251_sweep_1.vrp,ERROR,0,No feasible route found in 60s.
XML1000000_2324_01,XML1000000_2324_01_chunk_252_sweep_0.vrp,20469100.0,180.54,OK
XML1000000_2324_01,XML1000000_2324_01_chunk_252_sweep_1.vrp,21311900.0,180.28,OK
XML1000000_2324_01,XML1000000_2324_01_chunk_252_sweep_2.vrp,21267200.0,180.19,OK
XML1000000_2324_01,XML1000000_2324_01_chunk_253.vrp,ERROR,0,No feasible route found in 60s.
XML1000000_2324_01,XML1000000_2324_01_chunk_254_sweep_0.vrp,ERROR,0,No feasible route found in 60s.
XML1000000_2324_01,XML1000000_2324_01_chunk_254_sweep_1.vrp,ERROR,0,No feasible route found in 60s.
XML1000000_2324_01,XML1000000_2324_01_chunk_254_sweep_2.vrp,ERROR,0,No feasible route found in 60s.
XML1000000_2324_01,XML1000000_2324_01_chunk_254_sweep_3.vrp,ERROR,0,No feasible route found in 60s.
XML1000000_2324_01,XML1000000_2324_01_chunk_255.vrp,ERROR,0,No feasible route found in 60s.
XML1000000_2324_01,XML1000000_2324_01_chunk_256.vrp,ERROR,0,No feasible route found in 60s.
XML1000000_2324_01,XML1000000_2324_01_chunk_257.vrp,ERROR,0,No feasible route found in 60s.
XML1000000_2324_01,XML1000000_2324_01_chunk_258_sweep_0.vrp,ERROR,0,No feasible route found in 60s.
XML1000000_2324_01,XML1000000_2324_01_chunk_258_sweep_1.vrp,ERROR,0,No feasible route found in 60s.
XML1000000_2324_01,XML1000000_2324_01_chunk_259_sweep_0.vrp,ERROR,0,No feasible route found in 60s.
XML1000000_2324_01,XML1000000_2324_01_chunk_259_sweep_1.vrp,ERROR,0,No feasible route found in 60s.
XML1000000_2324_01,XML1000000_2324_01_chunk_25_sweep_0.vrp,24157000.0,180.32,OK
XML1000000_2324_01,XML1000000_2324_01_chunk_25_sweep_1.vrp,25890200.0,180.1,OK
XML1000000_2324_01,XML1000000_2324_01_chunk_25_sweep_2.vrp,26759200.0,180.45,OK
XML1000000_2324_01,XML1000000_2324_01_chunk_26.vrp,ERROR,0,No feasible route found in 60s.
XML1000000_2324_01,XML1000000_2324_01_chunk_260_sweep_0.vrp,38628300.0,180.15,OK
XML1000000_2324_01,XML1000000_2324_01_chunk_260_sweep_1.vrp,39085500.0,180.08,OK
XML1000000_2324_01,XML1000000_2324_01_chunk_261.vrp,21277800.0,180.26,OK
XML1000000_2324_01,XML1000000_2324_01_chunk_262_sweep_0.vrp,41742900.0,180.09,OK
XML1000000_2324_01,XML1000000_2324_01_chunk_262_sweep_1.vrp,44979500.0,180.08,OK
XML1000000_2324_01,XML1000000_2324_01_chunk_263_sweep_0.vrp,48358600.0,180.27,OK
XML1000000_2324_01,XML1000000_2324_01_chunk_263_sweep_1.vrp,ERROR,0,No feasible route found in 60s.
XML1000000_2324_01,XML1000000_2324_01_chunk_264_sweep_0.vrp,ERROR,0,No feasible route found in 60s.
XML1000000_2324_01,XML1000000_2324_01_chunk_264_sweep_1.vrp,ERROR,0,No feasible route found in 60s.
XML1000000_2324_01,XML1000000_2324_01_chunk_264_sweep_2.vrp,ERROR,0,No feasible route found in 60s.
XML1000000_2324_01,XML1000000_2324_01_chunk_265.vrp,ERROR,0,No feasible route found in 60s.
XML1000000_2324_01,XML1000000_2324_01_chunk_266.vrp,ERROR,0,No feasible route found in 60s.
XML1000000_2324_01,XML1000000_2324_01_chunk_267.vrp,ERROR,0,No feasible route found in 60s.
XML1000000_2324_01,XML1000000_2324_01_chunk_268.vrp,ERROR,0,No feasible route found in 60s.
XML1000000_2324_01,XML1000000_2324_01_chunk_269.vrp,ERROR,0,No feasible route found in 60s.
XML1000000_2324_01,XML1000000_2324_01_chunk_27.vrp,ERROR,0,No feasible route found in 60s.
XML1000000_2324_01,XML1000000_2324_01_chunk_270.vrp,ERROR,0,No feasible route found in 60s.
XML1000000_2324_01,XML1000000_2324_01_chunk_271.vrp,ERROR,0,No feasible route found in 60s.
XML1000000_2324_01,XML1000000_2324_01_chunk_272.vrp,ERROR,0,No feasible route found in 60s.
XML1000000_2324_01,XML1000000_2324_01_chunk_273.vrp,ERROR,0,No feasible route found in 60s.
XML1000000_2324_01,XML1000000_2324_01_chunk_274_sweep_0.vrp,ERROR,0,No feasible route found in 60s.
XML1000000_2324_01,XML1000000_2324_01_chunk_274_sweep_1.vrp,ERROR,0,No feasible route found in 60s.
XML1000000_2324_01,XML1000000_2324_01_chunk_275.vrp,ERROR,0,No feasible route found in 60s.
XML1000000_2324_01,XML1000000_2324_01_chunk_276_sweep_0.vrp,ERROR,0,No feasible route found in 60s.
XML1000000_2324_01,XML1000000_2324_01_chunk_276_sweep_1.vrp,ERROR,0,No feasible route found in 60s.
XML1000000_2324_01,XML1000000_2324_01_chunk_277.vrp,9525700.0,180.2,OK
XML1000000_2324_01,XML1000000_2324_01_chunk_278.vrp,ERROR,0,No feasible route found in 60s.
XML1000000_2324_01,XML1000000_2324_01_chunk_279.vrp,ERROR,0,No feasible route found in 60s.
XML1000000_2324_01,XML1000000_2324_01_chunk_28.vrp,ERROR,0,No feasible route found in 60s.
XML1000000_2324_01,XML1000000_2324_01_chunk_280.vrp,ERROR,0,No feasible route found in 60s.
XML1000000_2324_01,XML1000000_2324_01_chunk_280_sweep_0.vrp,33142500.0,180.64,OK
XML1000000_2324_01,XML1000000_2324_01_chunk_280_sweep_1.vrp,ERROR,0,No feasible route found in 60s.
XML1000000_2324_01,XML1000000_2324_01_chunk_280_sweep_2.vrp,35117100.0,180.49,OK
XML1000000_2324_01,XML1000000_2324_01_chunk_281.vrp,ERROR,0,No feasible route found in 60s.
XML1000000_2324_01,XML1000000_2324_01_chunk_282.vrp,ERROR,0,No feasible route found in 60s.
XML1000000_2324_01,XML1000000_2324_01_chunk_283.vrp,ERROR,0,No feasible route found in 60s.
XML1000000_2324_01,XML1000000_2324_01_chunk_284.vrp,ERROR,0,No feasible route found in 60s.
XML1000000_2324_01,XML1000000_2324_01_chunk_285.vrp,ERROR,0,No feasible route found in 60s.
XML1000000_2324_01,XML1000000_2324_01_chunk_286.vrp,ERROR,0,No feasible route found in 60s.
XML1000000_2324_01,XML1000000_2324_01_chunk_287.vrp,ERROR,0,No feasible route found in 60s.
XML1000000_2324_01,XML1000000_2324_01_chunk_288.vrp,ERROR,0,No feasible route found in 60s.
XML1000000_2324_01,XML1000000_2324_01_chunk_289.vrp,ERROR,0,No feasible route found in 60s.
XML1000000_2324_01,XML1000000_2324_01_chunk_29.vrp,ERROR,0,No feasible route found in 60s.
XML1000000_2324_01,XML1000000_2324_01_chunk_290.vrp,ERROR,0,No feasible route found in 60s.
XML1000000_2324_01,XML1000000_2324_01_chunk_291.vrp,ERROR,0,"Crash: Command '['/home/ubuntu/cvrp/baselines/HGS-CVRP/build/hgs', '/home/ubuntu/cvrp/data/instances/hgs_partitions/XML1000000_2324_01_partitions/XML1000000_2324_01_chunk_291.vrp', '/home/ubuntu/cvrp/data/instances/hgs_partitions/XML1000000_2324_01_partitions/XML1000000_2324_01_chunk_291.sol', '-t', '180', '-seed', '42']' timed out after 190 seconds"
XML1000000_2324_01,XML1000000_2324_01_chunk_291_sweep_0.vrp,ERROR,0,No feasible route found in 60s.
XML1000000_2324_01,XML1000000_2324_01_chunk_291_sweep_1.vrp,ERROR,0,No feasible route found in 60s.
XML1000000_2324_01,XML1000000_2324_01_chunk_291_sweep_2.vrp,ERROR,0,No feasible route found in 60s.
XML1000000_2324_01,XML1000000_2324_01_chunk_292.vrp,ERROR,0,No feasible route found in 60s.
XML1000000_2324_01,XML1000000_2324_01_chunk_293.vrp,ERROR,0,No feasible route found in 60s.
XML1000000_2324_01,XML1000000_2324_01_chunk_294.vrp,ERROR,0,No feasible route found in 60s.
XML1000000_2324_01,XML1000000_2324_01_chunk_295.vrp,ERROR,0,No feasible route found in 60s.
XML1000000_2324_01,XML1000000_2324_01_chunk_296.vrp,ERROR,0,No feasible route found in 60s.
XML1000000_2324_01,XML1000000_2324_01_chunk_297.vrp,ERROR,0,"Crash: Command '['/home/ubuntu/cvrp/baselines/HGS-CVRP/build/hgs', '/home/ubuntu/cvrp/data/instances/hgs_partitions/XML1000000_2324_01_partitions/XML1000000_2324_01_chunk_297.vrp', '/home/ubuntu/cvrp/data/instances/hgs_partitions/XML1000000_2324_01_partitions/XML1000000_2324_01_chunk_297.sol', '-t', '180', '-seed', '42']' timed out after 190 seconds"
XML1000000_2324_01,XML1000000_2324_01_chunk_297_sweep_0.vrp,ERROR,0,No feasible route found in 60s.
XML1000000_2324_01,XML1000000_2324_01_chunk_297_sweep_1.vrp,ERROR,0,No feasible route found in 60s.
XML1000000_2324_01,XML1000000_2324_01_chunk_297_sweep_2.vrp,49693500.0,180.49,OK
XML1000000_2324_01,XML1000000_2324_01_chunk_298.vrp,ERROR,0,No feasible route found in 60s.
XML1000000_2324_01,XML1000000_2324_01_chunk_298_sweep_0.vrp,ERROR,0,No feasible route found in 60s.
XML1000000_2324_01,XML1000000_2324_01_chunk_298_sweep_1.vrp,ERROR,0,No feasible route found in 60s.
XML1000000_2324_01,XML1000000_2324_01_chunk_299.vrp,ERROR,0,No feasible route found in 60s.
XML1000000_2324_01,XML1000000_2324_01_chunk_299_sweep_0.vrp,ERROR,0,No feasible route found in 60s.
XML1000000_2324_01,XML1000000_2324_01_chunk_299_sweep_1.vrp,ERROR,0,No feasible route found in 60s.
XML1000000_2324_01,XML1000000_2324_01_chunk_3.vrp,ERROR,0,No feasible route found in 60s.
XML1000000_2324_01,XML1000000_2324_01_chunk_30.vrp,ERROR,0,No feasible route found in 60s.
XML1000000_2324_01,XML1000000_2324_01_chunk_300.vrp,ERROR,0,No feasible route found in 60s.
XML1000000_2324_01,XML1000000_2324_01_chunk_301.vrp,ERROR,0,"Crash: Command '['/home/ubuntu/cvrp/baselines/HGS-CVRP/build/hgs', '/home/ubuntu/cvrp/data/instances/hgs_partitions/XML1000000_2324_01_partitions/XML1000000_2324_01_chunk_301.vrp', '/home/ubuntu/cvrp/data/instances/hgs_partitions/XML1000000_2324_01_partitions/XML1000000_2324_01_chunk_301.sol', '-t', '180', '-seed', '42']' timed out after 190 seconds"
XML1000000_2324_01,XML1000000_2324_01_chunk_301_sweep_0.vrp,ERROR,0,No feasible route found in 60s.
XML1000000_2324_01,XML1000000_2324_01_chunk_301_sweep_1.vrp,ERROR,0,No feasible route found in 60s.
XML1000000_2324_01,XML1000000_2324_01_chunk_301_sweep_2.vrp,ERROR,0,No feasible route found in 60s.
XML1000000_2324_01,XML1000000_2324_01_chunk_302.vrp,19398200.0,182.63,OK
XML1000000_2324_01,XML1000000_2324_01_chunk_303.vrp,ERROR,0,No feasible route found in 60s.
XML1000000_2324_01,XML1000000_2324_01_chunk_303_sweep_0.vrp,ERROR,0,No feasible route found in 60s.
XML1000000_2324_01,XML1000000_2324_01_chunk_303_sweep_1.vrp,ERROR,0,No feasible route found in 60s.
XML1000000_2324_01,XML1000000_2324_01_chunk_303_sweep_2.vrp,ERROR,0,No feasible route found in 60s.
XML1000000_2324_01,XML1000000_2324_01_chunk_304.vrp,ERROR,0,No feasible route found in 60s.
XML1000000_2324_01,XML1000000_2324_01_chunk_305.vrp,ERROR,0,"Crash: Command '['/home/ubuntu/cvrp/baselines/HGS-CVRP/build/hgs', '/home/ubuntu/cvrp/data/instances/hgs_partitions/XML1000000_2324_01_partitions/XML1000000_2324_01_chunk_305.vrp', '/home/ubuntu/cvrp/data/instances/hgs_partitions/XML1000000_2324_01_partitions/XML1000000_2324_01_chunk_305.sol', '-t', '180', '-seed', '42']' timed out after 190 seconds"
XML1000000_2324_01,XML1000000_2324_01_chunk_305_sweep_0.vrp,ERROR,0,No feasible route found in 60s.
XML1000000_2324_01,XML1000000_2324_01_chunk_305_sweep_1.vrp,ERROR,0,No feasible route found in 60s.
XML1000000_2324_01,XML1000000_2324_01_chunk_306.vrp,ERROR,0,No feasible route found in 60s.
XML1000000_2324_01,XML1000000_2324_01_chunk_307.vrp,ERROR,0,No feasible route found in 60s.
XML1000000_2324_01,XML1000000_2324_01_chunk_308.vrp,ERROR,0,"Crash: Command '['/home/ubuntu/cvrp/baselines/HGS-CVRP/build/hgs', '/home/ubuntu/cvrp/data/instances/hgs_partitions/XML1000000_2324_01_partitions/XML1000000_2324_01_chunk_308.vrp', '/home/ubuntu/cvrp/data/instances/hgs_partitions/XML1000000_2324_01_partitions/XML1000000_2324_01_chunk_308.sol', '-t', '180', '-seed', '42']' timed out after 190 seconds"
XML1000000_2324_01,XML1000000_2324_01_chunk_308_sweep_0.vrp,ERROR,0,No feasible route found in 60s.
XML1000000_2324_01,XML1000000_2324_01_chunk_308_sweep_1.vrp,ERROR,0,No feasible route found in 60s.
XML1000000_2324_01,XML1000000_2324_01_chunk_308_sweep_2.vrp,ERROR,0,No feasible route found in 60s.
XML1000000_2324_01,XML1000000_2324_01_chunk_308_sweep_3.vrp,ERROR,0,No feasible route found in 60s.
XML1000000_2324_01,XML1000000_2324_01_chunk_309.vrp,ERROR,0,No feasible route found in 60s.
XML1000000_2324_01,XML1000000_2324_01_chunk_31.vrp,19559700.0,182.39,OK
XML1000000_2324_01,XML1000000_2324_01_chunk_310.vrp,ERROR,0,No feasible route found in 60s.
XML1000000_2324_01,XML1000000_2324_01_chunk_311.vrp,ERROR,0,No feasible route found in 60s.
XML1000000_2324_01,XML1000000_2324_01_chunk_311_sweep_0.vrp,ERROR,0,No feasible route found in 60s.
XML1000000_2324_01,XML1000000_2324_01_chunk_311_sweep_1.vrp,ERROR,0,No feasible route found in 60s.
XML1000000_2324_01,XML1000000_2324_01_chunk_312.vrp,ERROR,0,No feasible route found in 60s.
XML1000000_2324_01,XML1000000_2324_01_chunk_313.vrp,ERROR,0,No feasible route found in 60s.
XML1000000_2324_01,XML1000000_2324_01_chunk_314.vrp,ERROR,0,No feasible route found in 60s.
XML1000000_2324_01,XML1000000_2324_01_chunk_314_sweep_0.vrp,ERROR,0,No feasible route found in 60s.
XML1000000_2324_01,XML1000000_2324_01_chunk_314_sweep_1.vrp,ERROR,0,No feasible route found in 60s.
XML1000000_2324_01,XML1000000_2324_01_chunk_315.vrp,ERROR,0,No feasible route found in 60s.
XML1000000_2324_01,XML1000000_2324_01_chunk_315_sweep_0.vrp,ERROR,0,No feasible route found in 60s.
XML1000000_2324_01,XML1000000_2324_01_chunk_315_sweep_1.vrp,ERROR,0,No feasible route found in 60s.
XML1000000_2324_01,XML1000000_2324_01_chunk_315_sweep_2.vrp,ERROR,0,No feasible route found in 60s.
XML1000000_2324_01,XML1000000_2324_01_chunk_316.vrp,ERROR,0,No feasible route found in 60s.
XML1000000_2324_01,XML1000000_2324_01_chunk_317.vrp,ERROR,0,No feasible route found in 60s.
XML1000000_2324_01,XML1000000_2324_01_chunk_317_sweep_0.vrp,32745700.0,180.2,OK
XML1000000_2324_01,XML1000000_2324_01_chunk_317_sweep_1.vrp,ERROR,0,No feasible route found in 60s.
XML1000000_2324_01,XML1000000_2324_01_chunk_318.vrp,ERROR,0,No feasible route found in 60s.
XML1000000_2324_01,XML1000000_2324_01_chunk_319.vrp,ERROR,0,No feasible route found in 60s.
XML1000000_2324_01,XML1000000_2324_01_chunk_32.vrp,ERROR,0,No feasible route found in 60s.
XML1000000_2324_01,XML1000000_2324_01_chunk_320.vrp,ERROR,0,No feasible route found in 60s.
XML1000000_2324_01,XML1000000_2324_01_chunk_321.vrp,ERROR,0,"Crash: Command '['/home/ubuntu/cvrp/baselines/HGS-CVRP/build/hgs', '/home/ubuntu/cvrp/data/instances/hgs_partitions/XML1000000_2324_01_partitions/XML1000000_2324_01_chunk_321.vrp', '/home/ubuntu/cvrp/data/instances/hgs_partitions/XML1000000_2324_01_partitions/XML1000000_2324_01_chunk_321.sol', '-t', '180', '-seed', '42']' timed out after 190 seconds"
XML1000000_2324_01,XML1000000_2324_01_chunk_321_sweep_0.vrp,ERROR,0,No feasible route found in 60s.
XML1000000_2324_01,XML1000000_2324_01_chunk_321_sweep_1.vrp,ERROR,0,No feasible route found in 60s.
XML1000000_2324_01,XML1000000_2324_01_chunk_321_sweep_2.vrp,ERROR,0,No feasible route found in 60s.
XML1000000_2324_01,XML1000000_2324_01_chunk_322.vrp,ERROR,0,No feasible route found in 60s.
XML1000000_2324_01,XML1000000_2324_01_chunk_323.vrp,ERROR,0,No feasible route found in 60s.
XML1000000_2324_01,XML1000000_2324_01_chunk_323_sweep_0.vrp,ERROR,0,No feasible route found in 60s.
XML1000000_2324_01,XML1000000_2324_01_chunk_323_sweep_1.vrp,ERROR,0,No feasible route found in 60s.
XML1000000_2324_01,XML1000000_2324_01_chunk_324.vrp,ERROR,0,No feasible route found in 60s.
XML1000000_2324_01,XML1000000_2324_01_chunk_325.vrp,ERROR,0,No feasible route found in 60s.
XML1000000_2324_01,XML1000000_2324_01_chunk_325_sweep_0.vrp,ERROR,0,No feasible route found in 60s.
XML1000000_2324_01,XML1000000_2324_01_chunk_325_sweep_1.vrp,ERROR,0,No feasible route found in 60s.
XML1000000_2324_01,XML1000000_2324_01_chunk_326.vrp,ERROR,0,No feasible route found in 60s.
XML1000000_2324_01,XML1000000_2324_01_chunk_327.vrp,ERROR,0,No feasible route found in 60s.
XML1000000_2324_01,XML1000000_2324_01_chunk_327_sweep_0.vrp,ERROR,0,No feasible route found in 60s.
XML1000000_2324_01,XML1000000_2324_01_chunk_327_sweep_1.vrp,ERROR,0,No feasible route found in 60s.
XML1000000_2324_01,XML1000000_2324_01_chunk_328.vrp,ERROR,0,"Crash: Command '['/home/ubuntu/cvrp/baselines/HGS-CVRP/build/hgs', '/home/ubuntu/cvrp/data/instances/hgs_partitions/XML1000000_2324_01_partitions/XML1000000_2324_01_chunk_328.vrp', '/home/ubuntu/cvrp/data/instances/hgs_partitions/XML1000000_2324_01_partitions/XML1000000_2324_01_chunk_328.sol', '-t', '180', '-seed', '42']' timed out after 190 seconds"
XML1000000_2324_01,XML1000000_2324_01_chunk_328_sweep_0.vrp,ERROR,0,No feasible route found in 60s.
XML1000000_2324_01,XML1000000_2324_01_chunk_328_sweep_1.vrp,ERROR,0,No feasible route found in 60s.
XML1000000_2324_01,XML1000000_2324_01_chunk_328_sweep_2.vrp,ERROR,0,No feasible route found in 60s.
XML1000000_2324_01,XML1000000_2324_01_chunk_328_sweep_3.vrp,ERROR,0,No feasible route found in 60s.
XML1000000_2324_01,XML1000000_2324_01_chunk_329.vrp,ERROR,0,No feasible route found in 60s.
XML1000000_2324_01,XML1000000_2324_01_chunk_33.vrp,ERROR,0,No feasible route found in 60s.
XML1000000_2324_01,XML1000000_2324_01_chunk_330.vrp,ERROR,0,No feasible route found in 60s.
XML1000000_2324_01,XML1000000_2324_01_chunk_331.vrp,ERROR,0,No feasible route found in 60s.
XML1000000_2324_01,XML1000000_2324_01_chunk_332.vrp,ERROR,0,No feasible route found in 60s.
XML1000000_2324_01,XML1000000_2324_01_chunk_332_sweep_0.vrp,ERROR,0,No feasible route found in 60s.
XML1000000_2324_01,XML1000000_2324_01_chunk_332_sweep_1.vrp,ERROR,0,No feasible route found in 60s.
XML1000000_2324_01,XML1000000_2324_01_chunk_333.vrp,28771600.0,181.03,OK
XML1000000_2324_01,XML1000000_2324_01_chunk_334.vrp,ERROR,0,No feasible route found in 60s.
XML1000000_2324_01,XML1000000_2324_01_chunk_334_sweep_0.vrp,ERROR,0,No feasible route found in 60s.
XML1000000_2324_01,XML1000000_2324_01_chunk_334_sweep_1.vrp,ERROR,0,No feasible route found in 60s.
XML1000000_2324_01,XML1000000_2324_01_chunk_335.vrp,ERROR,0,No feasible route found in 60s.
XML1000000_2324_01,XML1000000_2324_01_chunk_336.vrp,ERROR,0,No feasible route found in 60s.
XML1000000_2324_01,XML1000000_2324_01_chunk_336_sweep_0.vrp,ERROR,0,No feasible route found in 60s.
XML1000000_2324_01,XML1000000_2324_01_chunk_336_sweep_1.vrp,ERROR,0,No feasible route found in 60s.
XML1000000_2324_01,XML1000000_2324_01_chunk_337.vrp,ERROR,0,No feasible route found in 60s.
XML1000000_2324_01,XML1000000_2324_01_chunk_338.vrp,ERROR,0,No feasible route found in 60s.
XML1000000_2324_01,XML1000000_2324_01_chunk_339.vrp,ERROR,0,No feasible route found in 60s.
XML1000000_2324_01,XML1000000_2324_01_chunk_339_sweep_0.vrp,ERROR,0,No feasible route found in 60s.
XML1000000_2324_01,XML1000000_2324_01_chunk_339_sweep_1.vrp,ERROR,0,No feasible route found in 60s.
XML1000000_2324_01,XML1000000_2324_01_chunk_34.vrp,ERROR,0,No feasible route found in 60s.
XML1000000_2324_01,XML1000000_2324_01_chunk_340.vrp,ERROR,0,No feasible route found in 60s.
XML1000000_2324_01,XML1000000_2324_01_chunk_341.vrp,ERROR,0,No feasible route found in 60s.
XML1000000_2324_01,XML1000000_2324_01_chunk_342.vrp,ERROR,0,No feasible route found in 60s.
XML1000000_2324_01,XML1000000_2324_01_chunk_343.vrp,ERROR,0,No feasible route found in 60s.
XML1000000_2324_01,XML1000000_2324_01_chunk_344.vrp,ERROR,0,No feasible route found in 60s.
XML1000000_2324_01,XML1000000_2324_01_chunk_345.vrp,ERROR,0,No feasible route found in 60s.
XML1000000_2324_01,XML1000000_2324_01_chunk_346.vrp,ERROR,0,No feasible route found in 60s.
XML1000000_2324_01,XML1000000_2324_01_chunk_346_sweep_0.vrp,ERROR,0,No feasible route found in 60s.
XML1000000_2324_01,XML1000000_2324_01_chunk_346_sweep_1.vrp,ERROR,0,No feasible route found in 60s.
XML1000000_2324_01,XML1000000_2324_01_chunk_347.vrp,ERROR,0,No feasible route found in 60s.
XML1000000_2324_01,XML1000000_2324_01_chunk_348.vrp,ERROR,0,No feasible route found in 60s.
XML1000000_2324_01,XML1000000_2324_01_chunk_349.vrp,ERROR,0,No feasible route found in 60s.
XML1000000_2324_01,XML1000000_2324_01_chunk_349_sweep_0.vrp,ERROR,0,No feasible route found in 60s.
XML1000000_2324_01,XML1000000_2324_01_chunk_349_sweep_1.vrp,ERROR,0,No feasible route found in 60s.
XML1000000_2324_01,XML1000000_2324_01_chunk_35.vrp,ERROR,0,No feasible route found in 60s.
XML1000000_2324_01,XML1000000_2324_01_chunk_350.vrp,ERROR,0,No feasible route found in 60s.
XML1000000_2324_01,XML1000000_2324_01_chunk_351.vrp,ERROR,0,No feasible route found in 60s.
XML1000000_2324_01,XML1000000_2324_01_chunk_351_sweep_0.vrp,25146200.0,180.49,OK
XML1000000_2324_01,XML1000000_2324_01_chunk_351_sweep_1.vrp,ERROR,0,No feasible route found in 60s.
XML1000000_2324_01,XML1000000_2324_01_chunk_351_sweep_2.vrp,24852100.0,180.26,OK
XML1000000_2324_01,XML1000000_2324_01_chunk_352.vrp,82398400.0,180.48,OK
XML1000000_2324_01,XML1000000_2324_01_chunk_353.vrp,ERROR,0,No feasible route found in 60s.
XML1000000_2324_01,XML1000000_2324_01_chunk_353_sweep_0.vrp,ERROR,0,No feasible route found in 60s.
XML1000000_2324_01,XML1000000_2324_01_chunk_353_sweep_1.vrp,ERROR,0,No feasible route found in 60s.
XML1000000_2324_01,XML1000000_2324_01_chunk_353_sweep_2.vrp,ERROR,0,No feasible route found in 60s.
XML1000000_2324_01,XML1000000_2324_01_chunk_354.vrp,ERROR,0,No feasible route found in 60s.
XML1000000_2324_01,XML1000000_2324_01_chunk_354_sweep_0.vrp,92977500.0,180.22,OK
XML1000000_2324_01,XML1000000_2324_01_chunk_354_sweep_1.vrp,89314300.0,180.09,OK
XML1000000_2324_01,XML1000000_2324_01_chunk_355.vrp,ERROR,0,No feasible route found in 60s.
XML1000000_2324_01,XML1000000_2324_01_chunk_355_sweep_0.vrp,86298600.0,180.09,OK
XML1000000_2324_01,XML1000000_2324_01_chunk_355_sweep_1.vrp,87053800.0,180.34,OK
XML1000000_2324_01,XML1000000_2324_01_chunk_356.vrp,ERROR,0,No feasible route found in 60s.
XML1000000_2324_01,XML1000000_2324_01_chunk_356_sweep_0.vrp,67459400.0,180.09,OK
XML1000000_2324_01,XML1000000_2324_01_chunk_356_sweep_1.vrp,ERROR,0,No feasible route found in 60s.
XML1000000_2324_01,XML1000000_2324_01_chunk_357.vrp,ERROR,0,No feasible route found in 60s.
XML1000000_2324_01,XML1000000_2324_01_chunk_357_sweep_0.vrp,ERROR,0,No feasible route found in 60s.
XML1000000_2324_01,XML1000000_2324_01_chunk_357_sweep_1.vrp,ERROR,0,No feasible route found in 60s.
XML1000000_2324_01,XML1000000_2324_01_chunk_358.vrp,ERROR,0,No feasible route found in 60s.
XML1000000_2324_01,XML1000000_2324_01_chunk_358_sweep_0.vrp,ERROR,0,No feasible route found in 60s.
XML1000000_2324_01,XML1000000_2324_01_chunk_358_sweep_1.vrp,ERROR,0,No feasible route found in 60s.
XML1000000_2324_01,XML1000000_2324_01_chunk_359.vrp,ERROR,0,No feasible route found in 60s.
XML1000000_2324_01,XML1000000_2324_01_chunk_36.vrp,ERROR,0,No feasible route found in 60s.
XML1000000_2324_01,XML1000000_2324_01_chunk_360.vrp,ERROR,0,No feasible route found in 60s.
XML1000000_2324_01,XML1000000_2324_01_chunk_360_sweep_0.vrp,ERROR,0,No feasible route found in 60s.
XML1000000_2324_01,XML1000000_2324_01_chunk_360_sweep_1.vrp,ERROR,0,No feasible route found in 60s.
XML1000000_2324_01,XML1000000_2324_01_chunk_361.vrp,72391000.0,180.24,OK
XML1000000_2324_01,XML1000000_2324_01_chunk_362.vrp,ERROR,0,No feasible route found in 60s.
XML1000000_2324_01,XML1000000_2324_01_chunk_363.vrp,ERROR,0,"Crash: Command '['/home/ubuntu/cvrp/baselines/HGS-CVRP/build/hgs', '/home/ubuntu/cvrp/data/instances/hgs_partitions/XML1000000_2324_01_partitions/XML1000000_2324_01_chunk_363.vrp', '/home/ubuntu/cvrp/data/instances/hgs_partitions/XML1000000_2324_01_partitions/XML1000000_2324_01_chunk_363.sol', '-t', '180', '-seed', '42']' timed out after 190 seconds"
XML1000000_2324_01,XML1000000_2324_01_chunk_363_sweep_0.vrp,ERROR,0,No feasible route found in 60s.
XML1000000_2324_01,XML1000000_2324_01_chunk_363_sweep_1.vrp,ERROR,0,No feasible route found in 60s.
XML1000000_2324_01,XML1000000_2324_01_chunk_363_sweep_2.vrp,ERROR,0,No feasible route found in 60s.
XML1000000_2324_01,XML1000000_2324_01_chunk_364.vrp,ERROR,0,No feasible route found in 60s.
XML1000000_2324_01,XML1000000_2324_01_chunk_365.vrp,ERROR,0,No feasible route found in 60s.
XML1000000_2324_01,XML1000000_2324_01_chunk_366.vrp,ERROR,0,No feasible route found in 60s.
XML1000000_2324_01,XML1000000_2324_01_chunk_367.vrp,ERROR,0,No feasible route found in 60s.
XML1000000_2324_01,XML1000000_2324_01_chunk_368.vrp,47746200.0,180.15,OK
XML1000000_2324_01,XML1000000_2324_01_chunk_369.vrp,ERROR,0,No feasible route found in 60s.
XML1000000_2324_01,XML1000000_2324_01_chunk_36_sweep_0.vrp,ERROR,0,No feasible route found in 60s.
XML1000000_2324_01,XML1000000_2324_01_chunk_36_sweep_1.vrp,ERROR,0,No feasible route found in 60s.
XML1000000_2324_01,XML1000000_2324_01_chunk_37.vrp,ERROR,0,No feasible route found in 60s.
XML1000000_2324_01,XML1000000_2324_01_chunk_370.vrp,ERROR,0,No feasible route found in 60s.
XML1000000_2324_01,XML1000000_2324_01_chunk_371.vrp,10029000.0,181.07,OK
XML1000000_2324_01,XML1000000_2324_01_chunk_372.vrp,ERROR,0,"Crash: Command '['/home/ubuntu/cvrp/baselines/HGS-CVRP/build/hgs', '/home/ubuntu/cvrp/data/instances/hgs_partitions/XML1000000_2324_01_partitions/XML1000000_2324_01_chunk_372.vrp', '/home/ubuntu/cvrp/data/instances/hgs_partitions/XML1000000_2324_01_partitions/XML1000000_2324_01_chunk_372.sol', '-t', '180', '-seed', '42']' timed out after 190 seconds"
XML1000000_2324_01,XML1000000_2324_01_chunk_372_sweep_0.vrp,28397600.0,180.39,OK
XML1000000_2324_01,XML1000000_2324_01_chunk_372_sweep_1.vrp,27817000.0,180.12,OK
XML1000000_2324_01,XML1000000_2324_01_chunk_372_sweep_2.vrp,27982700.0,180.24,OK
XML1000000_2324_01,XML1000000_2324_01_chunk_373.vrp,ERROR,0,No feasible route found in 60s.
XML1000000_2324_01,XML1000000_2324_01_chunk_374.vrp,ERROR,0,No feasible route found in 60s.
XML1000000_2324_01,XML1000000_2324_01_chunk_375.vrp,ERROR,0,No feasible route found in 60s.
XML1000000_2324_01,XML1000000_2324_01_chunk_375_sweep_0.vrp,94486400.0,180.16,OK
XML1000000_2324_01,XML1000000_2324_01_chunk_375_sweep_1.vrp,99142900.0,180.23,OK
XML1000000_2324_01,XML1000000_2324_01_chunk_376.vrp,ERROR,0,No feasible route found in 60s.
XML1000000_2324_01,XML1000000_2324_01_chunk_376_sweep_0.vrp,ERROR,0,No feasible route found in 60s.
XML1000000_2324_01,XML1000000_2324_01_chunk_376_sweep_1.vrp,ERROR,0,No feasible route found in 60s.
XML1000000_2324_01,XML1000000_2324_01_chunk_376_sweep_2.vrp,ERROR,0,No feasible route found in 60s.
XML1000000_2324_01,XML1000000_2324_01_chunk_377.vrp,ERROR,0,No feasible route found in 60s.
XML1000000_2324_01,XML1000000_2324_01_chunk_378.vrp,ERROR,0,No feasible route found in 60s.
XML1000000_2324_01,XML1000000_2324_01_chunk_379.vrp,ERROR,0,No feasible route found in 60s.
XML1000000_2324_01,XML1000000_2324_01_chunk_38.vrp,ERROR,0,No feasible route found in 60s.
XML1000000_2324_01,XML1000000_2324_01_chunk_380.vrp,ERROR,0,No feasible route found in 60s.
XML1000000_2324_01,XML1000000_2324_01_chunk_380_sweep_0.vrp,ERROR,0,No feasible route found in 60s.
XML1000000_2324_01,XML1000000_2324_01_chunk_380_sweep_1.vrp,ERROR,0,No feasible route found in 60s.
XML1000000_2324_01,XML1000000_2324_01_chunk_380_sweep_2.vrp,ERROR,0,No feasible route found in 60s.
XML1000000_2324_01,XML1000000_2324_01_chunk_381.vrp,ERROR,0,No feasible route found in 60s.
XML1000000_2324_01,XML1000000_2324_01_chunk_382.vrp,ERROR,0,No feasible route found in 60s.
XML1000000_2324_01,XML1000000_2324_01_chunk_383.vrp,ERROR,0,No feasible route found in 60s.
XML1000000_2324_01,XML1000000_2324_01_chunk_384.vrp,ERROR,0,No feasible route found in 60s.
XML1000000_2324_01,XML1000000_2324_01_chunk_384_sweep_0.vrp,ERROR,0,No feasible route found in 60s.
XML1000000_2324_01,XML1000000_2324_01_chunk_384_sweep_1.vrp,ERROR,0,No feasible route found in 60s.
XML1000000_2324_01,XML1000000_2324_01_chunk_384_sweep_2.vrp,ERROR,0,No feasible route found in 60s.
XML1000000_2324_01,XML1000000_2324_01_chunk_385.vrp,ERROR,0,"Crash: Command '['/home/ubuntu/cvrp/baselines/HGS-CVRP/build/hgs', '/home/ubuntu/cvrp/data/instances/hgs_partitions/XML1000000_2324_01_partitions/XML1000000_2324_01_chunk_385.vrp', '/home/ubuntu/cvrp/data/instances/hgs_partitions/XML1000000_2324_01_partitions/XML1000000_2324_01_chunk_385.sol', '-t', '180', '-seed', '42']' timed out after 190 seconds"
XML1000000_2324_01,XML1000000_2324_01_chunk_385_sweep_0.vrp,ERROR,0,No feasible route found in 60s.
XML1000000_2324_01,XML1000000_2324_01_chunk_385_sweep_1.vrp,ERROR,0,No feasible route found in 60s.
XML1000000_2324_01,XML1000000_2324_01_chunk_385_sweep_2.vrp,ERROR,0,No feasible route found in 60s.
XML1000000_2324_01,XML1000000_2324_01_chunk_385_sweep_3.vrp,ERROR,0,No feasible route found in 60s.
XML1000000_2324_01,XML1000000_2324_01_chunk_386.vrp,ERROR,0,No feasible route found in 60s.
XML1000000_2324_01,XML1000000_2324_01_chunk_387.vrp,ERROR,0,No feasible route found in 60s.
XML1000000_2324_01,XML1000000_2324_01_chunk_388.vrp,ERROR,0,No feasible route found in 60s.
XML1000000_2324_01,XML1000000_2324_01_chunk_388_sweep_0.vrp,ERROR,0,No feasible route found in 60s.
XML1000000_2324_01,XML1000000_2324_01_chunk_388_sweep_1.vrp,ERROR,0,No feasible route found in 60s.
XML1000000_2324_01,XML1000000_2324_01_chunk_389.vrp,ERROR,0,No feasible route found in 60s.
XML1000000_2324_01,XML1000000_2324_01_chunk_38_sweep_0.vrp,ERROR,0,No feasible route found in 60s.
XML1000000_2324_01,XML1000000_2324_01_chunk_38_sweep_1.vrp,ERROR,0,No feasible route found in 60s.
XML1000000_2324_01,XML1000000_2324_01_chunk_39.vrp,ERROR,0,No feasible route found in 60s.
XML1000000_2324_01,XML1000000_2324_01_chunk_390.vrp,ERROR,0,No feasible route found in 60s.
XML1000000_2324_01,XML1000000_2324_01_chunk_391.vrp,ERROR,0,No feasible route found in 60s.
XML1000000_2324_01,XML1000000_2324_01_chunk_392.vrp,ERROR,0,No feasible route found in 60s.
XML1000000_2324_01,XML1000000_2324_01_chunk_393.vrp,ERROR,0,No feasible route found in 60s.
XML1000000_2324_01,XML1000000_2324_01_chunk_394.vrp,ERROR,0,No feasible route found in 60s.
XML1000000_2324_01,XML1000000_2324_01_chunk_395.vrp,ERROR,0,"Crash: Command '['/home/ubuntu/cvrp/baselines/HGS-CVRP/build/hgs', '/home/ubuntu/cvrp/data/instances/hgs_partitions/XML1000000_2324_01_partitions/XML1000000_2324_01_chunk_395.vrp', '/home/ubuntu/cvrp/data/instances/hgs_partitions/XML1000000_2324_01_partitions/XML1000000_2324_01_chunk_395.sol', '-t', '180', '-seed', '42']' timed out after 190 seconds"
XML1000000_2324_01,XML1000000_2324_01_chunk_395_sweep_0.vrp,ERROR,0,No feasible route found in 60s.
XML1000000_2324_01,XML1000000_2324_01_chunk_395_sweep_1.vrp,ERROR,0,No feasible route found in 60s.
XML1000000_2324_01,XML1000000_2324_01_chunk_395_sweep_2.vrp,ERROR,0,No feasible route found in 60s.
XML1000000_2324_01,XML1000000_2324_01_chunk_396.vrp,ERROR,0,No feasible route found in 60s.
XML1000000_2324_01,XML1000000_2324_01_chunk_396_sweep_0.vrp,ERROR,0,No feasible route found in 60s.
XML1000000_2324_01,XML1000000_2324_01_chunk_396_sweep_1.vrp,ERROR,0,No feasible route found in 60s.
XML1000000_2324_01,XML1000000_2324_01_chunk_397.vrp,ERROR,0,No feasible route found in 60s.
XML1000000_2324_01,XML1000000_2324_01_chunk_398.vrp,ERROR,0,No feasible route found in 60s.
XML1000000_2324_01,XML1000000_2324_01_chunk_398_sweep_0.vrp,ERROR,0,No feasible route found in 60s.
XML1000000_2324_01,XML1000000_2324_01_chunk_398_sweep_1.vrp,ERROR,0,No feasible route found in 60s.
XML1000000_2324_01,XML1000000_2324_01_chunk_399.vrp,ERROR,0,No feasible route found in 60s.
XML1000000_2324_01,XML1000000_2324_01_chunk_39_sweep_0.vrp,ERROR,0,No feasible route found in 60s.
XML1000000_2324_01,XML1000000_2324_01_chunk_39_sweep_1.vrp,ERROR,0,No feasible route found in 60s.
XML1000000_2324_01,XML1000000_2324_01_chunk_3_sweep_0.vrp,ERROR,0,No feasible route found in 60s.
XML1000000_2324_01,XML1000000_2324_01_chunk_3_sweep_1.vrp,30361500.0,180.55,OK
XML1000000_2324_01,XML1000000_2324_01_chunk_4.vrp,ERROR,0,No feasible route found in 60s.
XML1000000_2324_01,XML1000000_2324_01_chunk_40.vrp,ERROR,0,No feasible route found in 60s.
XML1000000_2324_01,XML1000000_2324_01_chunk_400.vrp,ERROR,0,No feasible route found in 60s.
XML1000000_2324_01,XML1000000_2324_01_chunk_401.vrp,ERROR,0,No feasible route found in 60s.
XML1000000_2324_01,XML1000000_2324_01_chunk_401_sweep_0.vrp,ERROR,0,No feasible route found in 60s.
XML1000000_2324_01,XML1000000_2324_01_chunk_401_sweep_1.vrp,ERROR,0,No feasible route found in 60s.
XML1000000_2324_01,XML1000000_2324_01_chunk_401_sweep_2.vrp,ERROR,0,No feasible route found in 60s.
XML1000000_2324_01,XML1000000_2324_01_chunk_402.vrp,ERROR,0,No feasible route found in 60s.
XML1000000_2324_01,XML1000000_2324_01_chunk_403.vrp,ERROR,0,"Crash: Command '['/home/ubuntu/cvrp/baselines/HGS-CVRP/build/hgs', '/home/ubuntu/cvrp/data/instances/hgs_partitions/XML1000000_2324_01_partitions/XML1000000_2324_01_chunk_403.vrp', '/home/ubuntu/cvrp/data/instances/hgs_partitions/XML1000000_2324_01_partitions/XML1000000_2324_01_chunk_403.sol', '-t', '180', '-seed', '42']' timed out after 190 seconds"
XML1000000_2324_01,XML1000000_2324_01_chunk_403_sweep_0.vrp,67468800.0,180.34,OK
XML1000000_2324_01,XML1000000_2324_01_chunk_403_sweep_1.vrp,ERROR,0,No feasible route found in 60s.
XML1000000_2324_01,XML1000000_2324_01_chunk_403_sweep_2.vrp,ERROR,0,No feasible route found in 60s.
XML1000000_2324_01,XML1000000_2324_01_chunk_404.vrp,ERROR,0,No feasible route found in 60s.
XML1000000_2324_01,XML1000000_2324_01_chunk_405.vrp,ERROR,0,No feasible route found in 60s.
XML1000000_2324_01,XML1000000_2324_01_chunk_406.vrp,ERROR,0,No feasible route found in 60s.
XML1000000_2324_01,XML1000000_2324_01_chunk_407.vrp,ERROR,0,No feasible route found in 60s.
XML1000000_2324_01,XML1000000_2324_01_chunk_408.vrp,ERROR,0,No feasible route found in 60s.
XML1000000_2324_01,XML1000000_2324_01_chunk_408_sweep_0.vrp,ERROR,0,No feasible route found in 60s.
XML1000000_2324_01,XML1000000_2324_01_chunk_408_sweep_1.vrp,29462500.0,180.57,OK
XML1000000_2324_01,XML1000000_2324_01_chunk_409.vrp,ERROR,0,"Crash: Command '['/home/ubuntu/cvrp/baselines/HGS-CVRP/build/hgs', '/home/ubuntu/cvrp/data/instances/hgs_partitions/XML1000000_2324_01_partitions/XML1000000_2324_01_chunk_409.vrp', '/home/ubuntu/cvrp/data/instances/hgs_partitions/XML1000000_2324_01_partitions/XML1000000_2324_01_chunk_409.sol', '-t', '180', '-seed', '42']' timed out after 190 seconds"
XML1000000_2324_01,XML1000000_2324_01_chunk_409_sweep_0.vrp,33381500.0,180.24,OK
XML1000000_2324_01,XML1000000_2324_01_chunk_409_sweep_1.vrp,ERROR,0,No feasible route found in 60s.
XML1000000_2324_01,XML1000000_2324_01_chunk_409_sweep_2.vrp,ERROR,0,No feasible route found in 60s.
XML1000000_2324_01,XML1000000_2324_01_chunk_409_sweep_3.vrp,33216100.0,180.23,OK
XML1000000_2324_01,XML1000000_2324_01_chunk_41.vrp,ERROR,0,No feasible route found in 60s.
XML1000000_2324_01,XML1000000_2324_01_chunk_410.vrp,ERROR,0,"Crash: Command '['/home/ubuntu/cvrp/baselines/HGS-CVRP/build/hgs', '/home/ubuntu/cvrp/data/instances/hgs_partitions/XML1000000_2324_01_partitions/XML1000000_2324_01_chunk_410.vrp', '/home/ubuntu/cvrp/data/instances/hgs_partitions/XML1000000_2324_01_partitions/XML1000000_2324_01_chunk_410.sol', '-t', '180', '-seed', '42']' timed out after 190 seconds"
XML1000000_2324_01,XML1000000_2324_01_chunk_410_sweep_0.vrp,ERROR,0,No feasible route found in 60s.
XML1000000_2324_01,XML1000000_2324_01_chunk_410_sweep_1.vrp,ERROR,0,No feasible route found in 60s.
XML1000000_2324_01,XML1000000_2324_01_chunk_410_sweep_2.vrp,ERROR,0,No feasible route found in 60s.
XML1000000_2324_01,XML1000000_2324_01_chunk_411.vrp,ERROR,0,No feasible route found in 60s.
XML1000000_2324_01,XML1000000_2324_01_chunk_411_sweep_0.vrp,40645600.0,180.51,OK
XML1000000_2324_01,XML1000000_2324_01_chunk_411_sweep_1.vrp,ERROR,0,No feasible route found in 60s.
XML1000000_2324_01,XML1000000_2324_01_chunk_412.vrp,ERROR,0,No feasible route found in 60s.
XML1000000_2324_01,XML1000000_2324_01_chunk_413.vrp,ERROR,0,No feasible route found in 60s.
XML1000000_2324_01,XML1000000_2324_01_chunk_414.vrp,ERROR,0,No feasible route found in 60s.
XML1000000_2324_01,XML1000000_2324_01_chunk_415.vrp,68684900.0,180.42,OK
XML1000000_2324_01,XML1000000_2324_01_chunk_416.vrp,ERROR,0,No feasible route found in 60s.
XML1000000_2324_01,XML1000000_2324_01_chunk_417.vrp,ERROR,0,No feasible route found in 60s.
XML1000000_2324_01,XML1000000_2324_01_chunk_418.vrp,ERROR,0,"Crash: Command '['/home/ubuntu/cvrp/baselines/HGS-CVRP/build/hgs', '/home/ubuntu/cvrp/data/instances/hgs_partitions/XML1000000_2324_01_partitions/XML1000000_2324_01_chunk_418.vrp', '/home/ubuntu/cvrp/data/instances/hgs_partitions/XML1000000_2324_01_partitions/XML1000000_2324_01_chunk_418.sol', '-t', '180', '-seed', '42']' timed out after 190 seconds"
XML1000000_2324_01,XML1000000_2324_01_chunk_418_sweep_0.vrp,ERROR,0,No feasible route found in 60s.
XML1000000_2324_01,XML1000000_2324_01_chunk_418_sweep_1.vrp,ERROR,0,No feasible route found in 60s.
XML1000000_2324_01,XML1000000_2324_01_chunk_418_sweep_2.vrp,ERROR,0,No feasible route found in 60s.
XML1000000_2324_01,XML1000000_2324_01_chunk_419.vrp,ERROR,0,No feasible route found in 60s.
XML1000000_2324_01,XML1000000_2324_01_chunk_419_sweep_0.vrp,ERROR,0,No feasible route found in 60s.
XML1000000_2324_01,XML1000000_2324_01_chunk_419_sweep_1.vrp,ERROR,0,No feasible route found in 60s.
XML1000000_2324_01,XML1000000_2324_01_chunk_42.vrp,ERROR,0,No feasible route found in 60s.
XML1000000_2324_01,XML1000000_2324_01_chunk_420.vrp,ERROR,0,No feasible route found in 60s.
XML1000000_2324_01,XML1000000_2324_01_chunk_421.vrp,ERROR,0,No feasible route found in 60s.
XML1000000_2324_01,XML1000000_2324_01_chunk_421_sweep_0.vrp,ERROR,0,No feasible route found in 60s.
XML1000000_2324_01,XML1000000_2324_01_chunk_421_sweep_1.vrp,55633900.0,180.06,OK
XML1000000_2324_01,XML1000000_2324_01_chunk_422.vrp,ERROR,0,No feasible route found in 60s.
XML1000000_2324_01,XML1000000_2324_01_chunk_422_sweep_0.vrp,56753600.0,180.31,OK
XML1000000_2324_01,XML1000000_2324_01_chunk_422_sweep_1.vrp,ERROR,0,No feasible route found in 60s.
XML1000000_2324_01,XML1000000_2324_01_chunk_423.vrp,ERROR,0,No feasible route found in 60s.
XML1000000_2324_01,XML1000000_2324_01_chunk_423_sweep_0.vrp,ERROR,0,No feasible route found in 60s.
XML1000000_2324_01,XML1000000_2324_01_chunk_423_sweep_1.vrp,ERROR,0,No feasible route found in 60s.
XML1000000_2324_01,XML1000000_2324_01_chunk_424.vrp,25787700.0,180.59,OK
XML1000000_2324_01,XML1000000_2324_01_chunk_425.vrp,ERROR,0,No feasible route found in 60s.
XML1000000_2324_01,XML1000000_2324_01_chunk_425_sweep_0.vrp,ERROR,0,No feasible route found in 60s.
XML1000000_2324_01,XML1000000_2324_01_chunk_425_sweep_1.vrp,ERROR,0,No feasible route found in 60s.
XML1000000_2324_01,XML1000000_2324_01_chunk_426.vrp,ERROR,0,"Crash: Command '['/home/ubuntu/cvrp/baselines/HGS-CVRP/build/hgs', '/home/ubuntu/cvrp/data/instances/hgs_partitions/XML1000000_2324_01_partitions/XML1000000_2324_01_chunk_426.vrp', '/home/ubuntu/cvrp/data/instances/hgs_partitions/XML1000000_2324_01_partitions/XML1000000_2324_01_chunk_426.sol', '-t', '180', '-seed', '42']' timed out after 190 seconds"
XML1000000_2324_01,XML1000000_2324_01_chunk_426_sweep_0.vrp,ERROR,0,No feasible route found in 60s.
XML1000000_2324_01,XML1000000_2324_01_chunk_426_sweep_1.vrp,ERROR,0,No feasible route found in 60s.
XML1000000_2324_01,XML1000000_2324_01_chunk_426_sweep_2.vrp,ERROR,0,No feasible route found in 60s.
XML1000000_2324_01,XML1000000_2324_01_chunk_426_sweep_3.vrp,46680800.0,180.43,OK
XML1000000_2324_01,XML1000000_2324_01_chunk_427.vrp,ERROR,0,No feasible route found in 60s.
XML1000000_2324_01,XML1000000_2324_01_chunk_427_sweep_0.vrp,ERROR,0,No feasible route found in 60s.
XML1000000_2324_01,XML1000000_2324_01_chunk_427_sweep_1.vrp,ERROR,0,No feasible route found in 60s.
XML1000000_2324_01,XML1000000_2324_01_chunk_428.vrp,ERROR,0,No feasible route found in 60s.
XML1000000_2324_01,XML1000000_2324_01_chunk_429.vrp,ERROR,0,No feasible route found in 60s.
XML1000000_2324_01,XML1000000_2324_01_chunk_43.vrp,ERROR,0,No feasible route found in 60s.
XML1000000_2324_01,XML1000000_2324_01_chunk_430.vrp,ERROR,0,No feasible route found in 60s.
XML1000000_2324_01,XML1000000_2324_01_chunk_431.vrp,ERROR,0,No feasible route found in 60s.
XML1000000_2324_01,XML1000000_2324_01_chunk_432.vrp,ERROR,0,No feasible route found in 60s.
XML1000000_2324_01,XML1000000_2324_01_chunk_433.vrp,ERROR,0,No feasible route found in 60s.
XML1000000_2324_01,XML1000000_2324_01_chunk_434.vrp,ERROR,0,"Crash: Command '['/home/ubuntu/cvrp/baselines/HGS-CVRP/build/hgs', '/home/ubuntu/cvrp/data/instances/hgs_partitions/XML1000000_2324_01_partitions/XML1000000_2324_01_chunk_434.vrp', '/home/ubuntu/cvrp/data/instances/hgs_partitions/XML1000000_2324_01_partitions/XML1000000_2324_01_chunk_434.sol', '-t', '180', '-seed', '42']' timed out after 190 seconds"
XML1000000_2324_01,XML1000000_2324_01_chunk_434_sweep_0.vrp,ERROR,0,No feasible route found in 60s.
XML1000000_2324_01,XML1000000_2324_01_chunk_434_sweep_1.vrp,ERROR,0,No feasible route found in 60s.
XML1000000_2324_01,XML1000000_2324_01_chunk_434_sweep_2.vrp,ERROR,0,No feasible route found in 60s.
XML1000000_2324_01,XML1000000_2324_01_chunk_435.vrp,ERROR,0,No feasible route found in 60s.
XML1000000_2324_01,XML1000000_2324_01_chunk_436.vrp,ERROR,0,No feasible route found in 60s.
XML1000000_2324_01,XML1000000_2324_01_chunk_437.vrp,ERROR,0,No feasible route found in 60s.
XML1000000_2324_01,XML1000000_2324_01_chunk_437_sweep_0.vrp,ERROR,0,No feasible route found in 60s.
XML1000000_2324_01,XML1000000_2324_01_chunk_437_sweep_1.vrp,ERROR,0,No feasible route found in 60s.
XML1000000_2324_01,XML1000000_2324_01_chunk_437_sweep_2.vrp,ERROR,0,No feasible route found in 60s.
XML1000000_2324_01,XML1000000_2324_01_chunk_438.vrp,ERROR,0,No feasible route found in 60s.
XML1000000_2324_01,XML1000000_2324_01_chunk_439.vrp,ERROR,0,"Crash: Command '['/home/ubuntu/cvrp/baselines/HGS-CVRP/build/hgs', '/home/ubuntu/cvrp/data/instances/hgs_partitions/XML1000000_2324_01_partitions/XML1000000_2324_01_chunk_439.vrp', '/home/ubuntu/cvrp/data/instances/hgs_partitions/XML1000000_2324_01_partitions/XML1000000_2324_01_chunk_439.sol', '-t', '180', '-seed', '42']' timed out after 190 seconds"
XML1000000_2324_01,XML1000000_2324_01_chunk_439_sweep_0.vrp,ERROR,0,No feasible route found in 60s.
XML1000000_2324_01,XML1000000_2324_01_chunk_439_sweep_1.vrp,ERROR,0,No feasible route found in 60s.
XML1000000_2324_01,XML1000000_2324_01_chunk_439_sweep_2.vrp,ERROR,0,No feasible route found in 60s.
XML1000000_2324_01,XML1000000_2324_01_chunk_439_sweep_3.vrp,ERROR,0,No feasible route found in 60s.
XML1000000_2324_01,XML1000000_2324_01_chunk_43_sweep_0.vrp,ERROR,0,No feasible route found in 60s.
XML1000000_2324_01,XML1000000_2324_01_chunk_43_sweep_1.vrp,ERROR,0,No feasible route found in 60s.
XML1000000_2324_01,XML1000000_2324_01_chunk_44.vrp,ERROR,0,No feasible route found in 60s.
XML1000000_2324_01,XML1000000_2324_01_chunk_440.vrp,ERROR,0,No feasible route found in 60s.
XML1000000_2324_01,XML1000000_2324_01_chunk_441.vrp,ERROR,0,No feasible route found in 60s.
XML1000000_2324_01,XML1000000_2324_01_chunk_442.vrp,ERROR,0,No feasible route found in 60s.
XML1000000_2324_01,XML1000000_2324_01_chunk_443.vrp,46612500.0,180.26,OK
XML1000000_2324_01,XML1000000_2324_01_chunk_444.vrp,ERROR,0,No feasible route found in 60s.
XML1000000_2324_01,XML1000000_2324_01_chunk_445.vrp,ERROR,0,No feasible route found in 60s.
XML1000000_2324_01,XML1000000_2324_01_chunk_445_sweep_0.vrp,25215500.0,180.14,OK
XML1000000_2324_01,XML1000000_2324_01_chunk_445_sweep_1.vrp,ERROR,0,No feasible route found in 60s.
XML1000000_2324_01,XML1000000_2324_01_chunk_445_sweep_2.vrp,27538500.0,180.62,OK
XML1000000_2324_01,XML1000000_2324_01_chunk_446.vrp,ERROR,0,No feasible route found in 60s.
XML1000000_2324_01,XML1000000_2324_01_chunk_447.vrp,ERROR,0,No feasible route found in 60s.
XML1000000_2324_01,XML1000000_2324_01_chunk_448.vrp,ERROR,0,No feasible route found in 60s.
XML1000000_2324_01,XML1000000_2324_01_chunk_449.vrp,ERROR,0,No feasible route found in 60s.
XML1000000_2324_01,XML1000000_2324_01_chunk_44_sweep_0.vrp,ERROR,0,No feasible route found in 60s.
XML1000000_2324_01,XML1000000_2324_01_chunk_44_sweep_1.vrp,ERROR,0,No feasible route found in 60s.
XML1000000_2324_01,XML1000000_2324_01_chunk_44_sweep_2.vrp,ERROR,0,No feasible route found in 60s.
XML1000000_2324_01,XML1000000_2324_01_chunk_45.vrp,ERROR,0,No feasible route found in 60s.
XML1000000_2324_01,XML1000000_2324_01_chunk_450.vrp,ERROR,0,No feasible route found in 60s.
XML1000000_2324_01,XML1000000_2324_01_chunk_451.vrp,ERROR,0,"Crash: Command '['/home/ubuntu/cvrp/baselines/HGS-CVRP/build/hgs', '/home/ubuntu/cvrp/data/instances/hgs_partitions/XML1000000_2324_01_partitions/XML1000000_2324_01_chunk_451.vrp', '/home/ubuntu/cvrp/data/instances/hgs_partitions/XML1000000_2324_01_partitions/XML1000000_2324_01_chunk_451.sol', '-t', '180', '-seed', '42']' timed out after 190 seconds"
XML1000000_2324_01,XML1000000_2324_01_chunk_451_sweep_0.vrp,ERROR,0,No feasible route found in 60s.
XML1000000_2324_01,XML1000000_2324_01_chunk_451_sweep_1.vrp,ERROR,0,No feasible route found in 60s.
XML1000000_2324_01,XML1000000_2324_01_chunk_451_sweep_2.vrp,ERROR,0,No feasible route found in 60s.
XML1000000_2324_01,XML1000000_2324_01_chunk_452.vrp,13454300.0,183.11,OK
XML1000000_2324_01,XML1000000_2324_01_chunk_453.vrp,ERROR,0,"Crash: Command '['/home/ubuntu/cvrp/baselines/HGS-CVRP/build/hgs', '/home/ubuntu/cvrp/data/instances/hgs_partitions/XML1000000_2324_01_partitions/XML1000000_2324_01_chunk_453.vrp', '/home/ubuntu/cvrp/data/instances/hgs_partitions/XML1000000_2324_01_partitions/XML1000000_2324_01_chunk_453.sol', '-t', '180', '-seed', '42']' timed out after 190 seconds"
XML1000000_2324_01,XML1000000_2324_01_chunk_453_sweep_0.vrp,ERROR,0,No feasible route found in 60s.
XML1000000_2324_01,XML1000000_2324_01_chunk_453_sweep_1.vrp,ERROR,0,No feasible route found in 60s.
XML1000000_2324_01,XML1000000_2324_01_chunk_453_sweep_2.vrp,ERROR,0,No feasible route found in 60s.
XML1000000_2324_01,XML1000000_2324_01_chunk_454.vrp,ERROR,0,No feasible route found in 60s.
XML1000000_2324_01,XML1000000_2324_01_chunk_455.vrp,ERROR,0,No feasible route found in 60s.
XML1000000_2324_01,XML1000000_2324_01_chunk_456.vrp,ERROR,0,No feasible route found in 60s.
XML1000000_2324_01,XML1000000_2324_01_chunk_457.vrp,ERROR,0,No feasible route found in 60s.
XML1000000_2324_01,XML1000000_2324_01_chunk_458.vrp,ERROR,0,No feasible route found in 60s.
XML1000000_2324_01,XML1000000_2324_01_chunk_459.vrp,ERROR,0,No feasible route found in 60s.
XML1000000_2324_01,XML1000000_2324_01_chunk_45_sweep_0.vrp,ERROR,0,No feasible route found in 60s.
XML1000000_2324_01,XML1000000_2324_01_chunk_45_sweep_1.vrp,ERROR,0,No feasible route found in 60s.
XML1000000_2324_01,XML1000000_2324_01_chunk_46.vrp,ERROR,0,No feasible route found in 60s.
XML1000000_2324_01,XML1000000_2324_01_chunk_460.vrp,ERROR,0,No feasible route found in 60s.
XML1000000_2324_01,XML1000000_2324_01_chunk_461.vrp,ERROR,0,No feasible route found in 60s.
XML1000000_2324_01,XML1000000_2324_01_chunk_462.vrp,ERROR,0,No feasible route found in 60s.
XML1000000_2324_01,XML1000000_2324_01_chunk_463.vrp,ERROR,0,No feasible route found in 60s.
XML1000000_2324_01,XML1000000_2324_01_chunk_464.vrp,ERROR,0,No feasible route found in 60s.
XML1000000_2324_01,XML1000000_2324_01_chunk_464_sweep_0.vrp,ERROR,0,No feasible route found in 60s.
XML1000000_2324_01,XML1000000_2324_01_chunk_464_sweep_1.vrp,ERROR,0,No feasible route found in 60s.
XML1000000_2324_01,XML1000000_2324_01_chunk_465.vrp,ERROR,0,"Crash: Command '['/home/ubuntu/cvrp/baselines/HGS-CVRP/build/hgs', '/home/ubuntu/cvrp/data/instances/hgs_partitions/XML1000000_2324_01_partitions/XML1000000_2324_01_chunk_465.vrp', '/home/ubuntu/cvrp/data/instances/hgs_partitions/XML1000000_2324_01_partitions/XML1000000_2324_01_chunk_465.sol', '-t', '180', '-seed', '42']' timed out after 190 seconds"
XML1000000_2324_01,XML1000000_2324_01_chunk_465_sweep_0.vrp,ERROR,0,No feasible route found in 60s.
XML1000000_2324_01,XML1000000_2324_01_chunk_465_sweep_1.vrp,ERROR,0,No feasible route found in 60s.
XML1000000_2324_01,XML1000000_2324_01_chunk_465_sweep_2.vrp,ERROR,0,No feasible route found in 60s.
XML1000000_2324_01,XML1000000_2324_01_chunk_466.vrp,ERROR,0,No feasible route found in 60s.
XML1000000_2324_01,XML1000000_2324_01_chunk_467.vrp,ERROR,0,No feasible route found in 60s.
XML1000000_2324_01,XML1000000_2324_01_chunk_468.vrp,ERROR,0,No feasible route found in 60s.
XML1000000_2324_01,XML1000000_2324_01_chunk_468_sweep_0.vrp,ERROR,0,No feasible route found in 60s.
XML1000000_2324_01,XML1000000_2324_01_chunk_468_sweep_1.vrp,ERROR,0,No feasible route found in 60s.
XML1000000_2324_01,XML1000000_2324_01_chunk_469.vrp,ERROR,0,No feasible route found in 60s.
XML1000000_2324_01,XML1000000_2324_01_chunk_47.vrp,ERROR,0,No feasible route found in 60s.
XML1000000_2324_01,XML1000000_2324_01_chunk_470.vrp,ERROR,0,"Crash: Command '['/home/ubuntu/cvrp/baselines/HGS-CVRP/build/hgs', '/home/ubuntu/cvrp/data/instances/hgs_partitions/XML1000000_2324_01_partitions/XML1000000_2324_01_chunk_470.vrp', '/home/ubuntu/cvrp/data/instances/hgs_partitions/XML1000000_2324_01_partitions/XML1000000_2324_01_chunk_470.sol', '-t', '180', '-seed', '42']' timed out after 190 seconds"
XML1000000_2324_01,XML1000000_2324_01_chunk_470_sweep_0.vrp,ERROR,0,No feasible route found in 60s.
XML1000000_2324_01,XML1000000_2324_01_chunk_470_sweep_1.vrp,ERROR,0,No feasible route found in 60s.
XML1000000_2324_01,XML1000000_2324_01_chunk_470_sweep_2.vrp,ERROR,0,No feasible route found in 60s.
XML1000000_2324_01,XML1000000_2324_01_chunk_471.vrp,ERROR,0,No feasible route found in 60s.
XML1000000_2324_01,XML1000000_2324_01_chunk_472.vrp,ERROR,0,No feasible route found in 60s.
XML1000000_2324_01,XML1000000_2324_01_chunk_473.vrp,ERROR,0,No feasible route found in 60s.
XML1000000_2324_01,XML1000000_2324_01_chunk_474.vrp,ERROR,0,No feasible route found in 60s.
XML1000000_2324_01,XML1000000_2324_01_chunk_475.vrp,ERROR,0,No feasible route found in 60s.
XML1000000_2324_01,XML1000000_2324_01_chunk_476.vrp,ERROR,0,No feasible route found in 60s.
XML1000000_2324_01,XML1000000_2324_01_chunk_476_sweep_0.vrp,ERROR,0,No feasible route found in 60s.
XML1000000_2324_01,XML1000000_2324_01_chunk_476_sweep_1.vrp,ERROR,0,No feasible route found in 60s.
XML1000000_2324_01,XML1000000_2324_01_chunk_476_sweep_2.vrp,ERROR,0,No feasible route found in 60s.
XML1000000_2324_01,XML1000000_2324_01_chunk_477.vrp,ERROR,0,No feasible route found in 60s.
XML1000000_2324_01,XML1000000_2324_01_chunk_478.vrp,ERROR,0,No feasible route found in 60s.
XML1000000_2324_01,XML1000000_2324_01_chunk_479.vrp,ERROR,0,No feasible route found in 60s.
XML1000000_2324_01,XML1000000_2324_01_chunk_48.vrp,ERROR,0,"Crash: Command '['/home/ubuntu/cvrp/baselines/HGS-CVRP/build/hgs', '/home/ubuntu/cvrp/data/instances/hgs_partitions/XML1000000_2324_01_partitions/XML1000000_2324_01_chunk_48.vrp', '/home/ubuntu/cvrp/data/instances/hgs_partitions/XML1000000_2324_01_partitions/XML1000000_2324_01_chunk_48.sol', '-t', '180', '-seed', '42']' timed out after 190 seconds"
XML1000000_2324_01,XML1000000_2324_01_chunk_480.vrp,ERROR,0,No feasible route found in 60s.
XML1000000_2324_01,XML1000000_2324_01_chunk_481.vrp,ERROR,0,No feasible route found in 60s.
XML1000000_2324_01,XML1000000_2324_01_chunk_482.vrp,ERROR,0,No feasible route found in 60s.
XML1000000_2324_01,XML1000000_2324_01_chunk_483.vrp,ERROR,0,No feasible route found in 60s.
XML1000000_2324_01,XML1000000_2324_01_chunk_484.vrp,ERROR,0,No feasible route found in 60s.
XML1000000_2324_01,XML1000000_2324_01_chunk_485.vrp,ERROR,0,No feasible route found in 60s.
XML1000000_2324_01,XML1000000_2324_01_chunk_486.vrp,ERROR,0,No feasible route found in 60s.
XML1000000_2324_01,XML1000000_2324_01_chunk_486_sweep_0.vrp,ERROR,0,No feasible route found in 60s.
XML1000000_2324_01,XML1000000_2324_01_chunk_486_sweep_1.vrp,ERROR,0,No feasible route found in 60s.
XML1000000_2324_01,XML1000000_2324_01_chunk_487.vrp,ERROR,0,No feasible route found in 60s.
XML1000000_2324_01,XML1000000_2324_01_chunk_488.vrp,ERROR,0,No feasible route found in 60s.
XML1000000_2324_01,XML1000000_2324_01_chunk_488_sweep_0.vrp,ERROR,0,No feasible route found in 60s.
XML1000000_2324_01,XML1000000_2324_01_chunk_488_sweep_1.vrp,ERROR,0,No feasible route found in 60s.
XML1000000_2324_01,XML1000000_2324_01_chunk_489.vrp,ERROR,0,No feasible route found in 60s.
XML1000000_2324_01,XML1000000_2324_01_chunk_48_sweep_0.vrp,ERROR,0,No feasible route found in 60s.
XML1000000_2324_01,XML1000000_2324_01_chunk_48_sweep_1.vrp,37009400.0,181.6,OK
XML1000000_2324_01,XML1000000_2324_01_chunk_48_sweep_2.vrp,36907800.0,181.62,OK
XML1000000_2324_01,XML1000000_2324_01_chunk_48_sweep_3.vrp,ERROR,0,No feasible route found in 60s.
XML1000000_2324_01,XML1000000_2324_01_chunk_49.vrp,ERROR,0,No feasible route found in 60s.
XML1000000_2324_01,XML1000000_2324_01_chunk_490.vrp,ERROR,0,No feasible route found in 60s.
XML1000000_2324_01,XML1000000_2324_01_chunk_491.vrp,ERROR,0,No feasible route found in 60s.
XML1000000_2324_01,XML1000000_2324_01_chunk_492.vrp,ERROR,0,No feasible route found in 60s.
XML1000000_2324_01,XML1000000_2324_01_chunk_493.vrp,ERROR,0,"Crash: Command '['/home/ubuntu/cvrp/baselines/HGS-CVRP/build/hgs', '/home/ubuntu/cvrp/data/instances/hgs_partitions/XML1000000_2324_01_partitions/XML1000000_2324_01_chunk_493.vrp', '/home/ubuntu/cvrp/data/instances/hgs_partitions/XML1000000_2324_01_partitions/XML1000000_2324_01_chunk_493.sol', '-t', '180', '-seed', '42']' timed out after 190 seconds"
XML1000000_2324_01,XML1000000_2324_01_chunk_493_sweep_0.vrp,ERROR,0,No feasible route found in 60s.
XML1000000_2324_01,XML1000000_2324_01_chunk_493_sweep_1.vrp,ERROR,0,No feasible route found in 60s.
XML1000000_2324_01,XML1000000_2324_01_chunk_493_sweep_2.vrp,ERROR,0,No feasible route found in 60s.
XML1000000_2324_01,XML1000000_2324_01_chunk_493_sweep_3.vrp,ERROR,0,No feasible route found in 60s.
XML1000000_2324_01,XML1000000_2324_01_chunk_494.vrp,ERROR,0,No feasible route found in 60s.
XML1000000_2324_01,XML1000000_2324_01_chunk_495.vrp,ERROR,0,No feasible route found in 60s.
XML1000000_2324_01,XML1000000_2324_01_chunk_495_sweep_0.vrp,ERROR,0,No feasible route found in 60s.
XML1000000_2324_01,XML1000000_2324_01_chunk_495_sweep_1.vrp,ERROR,0,No feasible route found in 60s.
XML1000000_2324_01,XML1000000_2324_01_chunk_495_sweep_2.vrp,34292000.0,180.16,OK
XML1000000_2324_01,XML1000000_2324_01_chunk_496.vrp,ERROR,0,No feasible route found in 60s.
XML1000000_2324_01,XML1000000_2324_01_chunk_497.vrp,ERROR,0,No feasible route found in 60s.
XML1000000_2324_01,XML1000000_2324_01_chunk_498.vrp,ERROR,0,No feasible route found in 60s.
XML1000000_2324_01,XML1000000_2324_01_chunk_499.vrp,ERROR,0,No feasible route found in 60s.
XML1000000_2324_01,XML1000000_2324_01_chunk_5.vrp,ERROR,0,No feasible route found in 60s.
XML1000000_2324_01,XML1000000_2324_01_chunk_50.vrp,ERROR,0,No feasible route found in 60s.
XML1000000_2324_01,XML1000000_2324_01_chunk_51.vrp,ERROR,0,"Crash: Command '['/home/ubuntu/cvrp/baselines/HGS-CVRP/build/hgs', '/home/ubuntu/cvrp/data/instances/hgs_partitions/XML1000000_2324_01_partitions/XML1000000_2324_01_chunk_51.vrp', '/home/ubuntu/cvrp/data/instances/hgs_partitions/XML1000000_2324_01_partitions/XML1000000_2324_01_chunk_51.sol', '-t', '180', '-seed', '42']' timed out after 190 seconds"
XML1000000_2324_01,XML1000000_2324_01_chunk_51_sweep_0.vrp,ERROR,0,No feasible route found in 60s.
XML1000000_2324_01,XML1000000_2324_01_chunk_51_sweep_1.vrp,ERROR,0,No feasible route found in 60s.
XML1000000_2324_01,XML1000000_2324_01_chunk_51_sweep_2.vrp,ERROR,0,No feasible route found in 60s.
XML1000000_2324_01,XML1000000_2324_01_chunk_51_sweep_3.vrp,ERROR,0,No feasible route found in 60s.
XML1000000_2324_01,XML1000000_2324_01_chunk_52.vrp,ERROR,0,"Crash: Command '['/home/ubuntu/cvrp/baselines/HGS-CVRP/build/hgs', '/home/ubuntu/cvrp/data/instances/hgs_partitions/XML1000000_2324_01_partitions/XML1000000_2324_01_chunk_52.vrp', '/home/ubuntu/cvrp/data/instances/hgs_partitions/XML1000000_2324_01_partitions/XML1000000_2324_01_chunk_52.sol', '-t', '180', '-seed', '42']' timed out after 190 seconds"
XML1000000_2324_01,XML1000000_2324_01_chunk_52_sweep_0.vrp,ERROR,0,No feasible route found in 60s.
XML1000000_2324_01,XML1000000_2324_01_chunk_52_sweep_1.vrp,ERROR,0,No feasible route found in 60s.
XML1000000_2324_01,XML1000000_2324_01_chunk_52_sweep_2.vrp,ERROR,0,No feasible route found in 60s.
XML1000000_2324_01,XML1000000_2324_01_chunk_52_sweep_3.vrp,ERROR,0,No feasible route found in 60s.
XML1000000_2324_01,XML1000000_2324_01_chunk_53.vrp,ERROR,0,No feasible route found in 60s.
XML1000000_2324_01,XML1000000_2324_01_chunk_54.vrp,10837700.0,181.77,OK
XML1000000_2324_01,XML1000000_2324_01_chunk_55.vrp,ERROR,0,No feasible route found in 60s.
XML1000000_2324_01,XML1000000_2324_01_chunk_56.vrp,ERROR,0,No feasible route found in 60s.
XML1000000_2324_01,XML1000000_2324_01_chunk_57.vrp,ERROR,0,No feasible route found in 60s.
XML1000000_2324_01,XML1000000_2324_01_chunk_58.vrp,ERROR,0,"Crash: Command '['/home/ubuntu/cvrp/baselines/HGS-CVRP/build/hgs', '/home/ubuntu/cvrp/data/instances/hgs_partitions/XML1000000_2324_01_partitions/XML1000000_2324_01_chunk_58.vrp', '/home/ubuntu/cvrp/data/instances/hgs_partitions/XML1000000_2324_01_partitions/XML1000000_2324_01_chunk_58.sol', '-t', '180', '-seed', '42']' timed out after 190 seconds"
XML1000000_2324_01,XML1000000_2324_01_chunk_58_sweep_0.vrp,ERROR,0,No feasible route found in 60s.
XML1000000_2324_01,XML1000000_2324_01_chunk_58_sweep_1.vrp,ERROR,0,No feasible route found in 60s.
XML1000000_2324_01,XML1000000_2324_01_chunk_58_sweep_2.vrp,ERROR,0,No feasible route found in 60s.
XML1000000_2324_01,XML1000000_2324_01_chunk_59.vrp,ERROR,0,No feasible route found in 60s.
XML1000000_2324_01,XML1000000_2324_01_chunk_6.vrp,ERROR,0,No feasible route found in 60s.
XML1000000_2324_01,XML1000000_2324_01_chunk_60.vrp,ERROR,0,No feasible route found in 60s.
XML1000000_2324_01,XML1000000_2324_01_chunk_61.vrp,ERROR,0,No feasible route found in 60s.
XML1000000_2324_01,XML1000000_2324_01_chunk_62.vrp,ERROR,0,No feasible route found in 60s.
XML1000000_2324_01,XML1000000_2324_01_chunk_63.vrp,ERROR,0,No feasible route found in 60s.
XML1000000_2324_01,XML1000000_2324_01_chunk_64.vrp,ERROR,0,No feasible route found in 60s.
XML1000000_2324_01,XML1000000_2324_01_chunk_65.vrp,ERROR,0,No feasible route found in 60s.
XML1000000_2324_01,XML1000000_2324_01_chunk_66.vrp,ERROR,0,No feasible route found in 60s.
XML1000000_2324_01,XML1000000_2324_01_chunk_66_sweep_0.vrp,47901300.0,180.34,OK
XML1000000_2324_01,XML1000000_2324_01_chunk_66_sweep_1.vrp,ERROR,0,No feasible route found in 60s.
XML1000000_2324_01,XML1000000_2324_01_chunk_66_sweep_2.vrp,ERROR,0,No feasible route found in 60s.
XML1000000_2324_01,XML1000000_2324_01_chunk_67.vrp,ERROR,0,No feasible route found in 60s.
XML1000000_2324_01,XML1000000_2324_01_chunk_68.vrp,ERROR,0,No feasible route found in 60s.
XML1000000_2324_01,XML1000000_2324_01_chunk_69.vrp,ERROR,0,No feasible route found in 60s.
XML1000000_2324_01,XML1000000_2324_01_chunk_7.vrp,ERROR,0,No feasible route found in 60s.
XML1000000_2324_01,XML1000000_2324_01_chunk_70.vrp,ERROR,0,No feasible route found in 60s.
XML1000000_2324_01,XML1000000_2324_01_chunk_71.vrp,ERROR,0,No feasible route found in 60s.
XML1000000_2324_01,XML1000000_2324_01_chunk_72.vrp,ERROR,0,"Crash: Command '['/home/ubuntu/cvrp/baselines/HGS-CVRP/build/hgs', '/home/ubuntu/cvrp/data/instances/hgs_partitions/XML1000000_2324_01_partitions/XML1000000_2324_01_chunk_72.vrp', '/home/ubuntu/cvrp/data/instances/hgs_partitions/XML1000000_2324_01_partitions/XML1000000_2324_01_chunk_72.sol', '-t', '180', '-seed', '42']' timed out after 190 seconds"
XML1000000_2324_01,XML1000000_2324_01_chunk_72_sweep_0.vrp,ERROR,0,No feasible route found in 60s.
XML1000000_2324_01,XML1000000_2324_01_chunk_72_sweep_1.vrp,ERROR,0,No feasible route found in 60s.
XML1000000_2324_01,XML1000000_2324_01_chunk_72_sweep_2.vrp,ERROR,0,No feasible route found in 60s.
XML1000000_2324_01,XML1000000_2324_01_chunk_72_sweep_3.vrp,ERROR,0,No feasible route found in 60s.
XML1000000_2324_01,XML1000000_2324_01_chunk_73.vrp,ERROR,0,No feasible route found in 60s.
XML1000000_2324_01,XML1000000_2324_01_chunk_74.vrp,ERROR,0,"Crash: Command '['/home/ubuntu/cvrp/baselines/HGS-CVRP/build/hgs', '/home/ubuntu/cvrp/data/instances/hgs_partitions/XML1000000_2324_01_partitions/XML1000000_2324_01_chunk_74.vrp', '/home/ubuntu/cvrp/data/instances/hgs_partitions/XML1000000_2324_01_partitions/XML1000000_2324_01_chunk_74.sol', '-t', '180', '-seed', '42']' timed out after 190 seconds"
XML1000000_2324_01,XML1000000_2324_01_chunk_74_sweep_0.vrp,ERROR,0,No feasible route found in 60s.
XML1000000_2324_01,XML1000000_2324_01_chunk_74_sweep_1.vrp,ERROR,0,No feasible route found in 60s.
XML1000000_2324_01,XML1000000_2324_01_chunk_74_sweep_2.vrp,ERROR,0,No feasible route found in 60s.
XML1000000_2324_01,XML1000000_2324_01_chunk_75.vrp,ERROR,0,No feasible route found in 60s.
XML1000000_2324_01,XML1000000_2324_01_chunk_76.vrp,ERROR,0,No feasible route found in 60s.
XML1000000_2324_01,XML1000000_2324_01_chunk_77.vrp,ERROR,0,No feasible route found in 60s.
XML1000000_2324_01,XML1000000_2324_01_chunk_78.vrp,ERROR,0,No feasible route found in 60s.
XML1000000_2324_01,XML1000000_2324_01_chunk_79.vrp,ERROR,0,No feasible route found in 60s.
XML1000000_2324_01,XML1000000_2324_01_chunk_8.vrp,ERROR,0,No feasible route found in 60s.
XML1000000_2324_01,XML1000000_2324_01_chunk_80.vrp,ERROR,0,No feasible route found in 60s.
XML1000000_2324_01,XML1000000_2324_01_chunk_81.vrp,ERROR,0,No feasible route found in 60s.
XML1000000_2324_01,XML1000000_2324_01_chunk_81_sweep_0.vrp,41062200.0,180.17,OK
XML1000000_2324_01,XML1000000_2324_01_chunk_81_sweep_1.vrp,ERROR,0,No feasible route found in 60s.
XML1000000_2324_01,XML1000000_2324_01_chunk_81_sweep_2.vrp,41713600.0,180.33,OK
XML1000000_2324_01,XML1000000_2324_01_chunk_82.vrp,ERROR,0,No feasible route found in 60s.
XML1000000_2324_01,XML1000000_2324_01_chunk_83.vrp,ERROR,0,No feasible route found in 60s.
XML1000000_2324_01,XML1000000_2324_01_chunk_84.vrp,ERROR,0,No feasible route found in 60s.
XML1000000_2324_01,XML1000000_2324_01_chunk_85.vrp,ERROR,0,No feasible route found in 60s.
XML1000000_2324_01,XML1000000_2324_01_chunk_86.vrp,ERROR,0,No feasible route found in 60s.
XML1000000_2324_01,XML1000000_2324_01_chunk_87.vrp,ERROR,0,No feasible route found in 60s.
XML1000000_2324_01,XML1000000_2324_01_chunk_88.vrp,ERROR,0,No feasible route found in 60s.
XML1000000_2324_01,XML1000000_2324_01_chunk_89.vrp,ERROR,0,No feasible route found in 60s.
XML1000000_2324_01,XML1000000_2324_01_chunk_9.vrp,ERROR,0,No feasible route found in 60s.
XML1000000_2324_01,XML1000000_2324_01_chunk_90.vrp,ERROR,0,No feasible route found in 60s.
XML1000000_2324_01,XML1000000_2324_01_chunk_91.vrp,ERROR,0,No feasible route found in 60s.
XML1000000_2324_01,XML1000000_2324_01_chunk_92.vrp,ERROR,0,"Crash: Command '['/home/ubuntu/cvrp/baselines/HGS-CVRP/build/hgs', '/home/ubuntu/cvrp/data/instances/hgs_partitions/XML1000000_2324_01_partitions/XML1000000_2324_01_chunk_92.vrp', '/home/ubuntu/cvrp/data/instances/hgs_partitions/XML1000000_2324_01_partitions/XML1000000_2324_01_chunk_92.sol', '-t', '180', '-seed', '42']' timed out after 190 seconds"
XML1000000_2324_01,XML1000000_2324_01_chunk_92_sweep_0.vrp,ERROR,0,No feasible route found in 60s.
XML1000000_2324_01,XML1000000_2324_01_chunk_92_sweep_1.vrp,ERROR,0,No feasible route found in 60s.
XML1000000_2324_01,XML1000000_2324_01_chunk_92_sweep_2.vrp,38031200.0,180.19,OK
XML1000000_2324_01,XML1000000_2324_01_chunk_92_sweep_3.vrp,ERROR,0,No feasible route found in 60s.
XML1000000_2324_01,XML1000000_2324_01_chunk_93.vrp,22434900.0,183.52,OK
XML1000000_2324_01,XML1000000_2324_01_chunk_94.vrp,ERROR,0,No feasible route found in 60s.
XML1000000_2324_01,XML1000000_2324_01_chunk_95.vrp,ERROR,0,No feasible route found in 60s.
XML1000000_2324_01,XML1000000_2324_01_chunk_95_sweep_0.vrp,ERROR,0,No feasible route found in 60s.
XML1000000_2324_01,XML1000000_2324_01_chunk_95_sweep_1.vrp,ERROR,0,No feasible route found in 60s.
XML1000000_2324_01,XML1000000_2324_01_chunk_95_sweep_2.vrp,ERROR,0,No feasible route found in 60s.
XML1000000_2324_01,XML1000000_2324_01_chunk_96.vrp,ERROR,0,No feasible route found in 60s.
XML1000000_2324_01,XML1000000_2324_01_chunk_97.vrp,ERROR,0,No feasible route found in 60s.
XML1000000_2324_01,XML1000000_2324_01_chunk_98.vrp,ERROR,0,No feasible route found in 60s.
XML1000000_2324_01,XML1000000_2324_01_chunk_99.vrp,ERROR,0,No feasible route found in 60s.
XML1000000_2324_01,XML1000000_2324_01_chunk_9_sweep_0.vrp,ERROR,0,No feasible route found in 60s.
XML1000000_2324_01,XML1000000_2324_01_chunk_9_sweep_1.vrp,ERROR,0,No feasible route found in 60s.
XML1000000_2324_01,[TOTAL AGGREGATE],INCOMPLETE,3345448700.0,Only 78/829 succeeded
XML1000000_3163_02,XML1000000_3163_02_chunk_0.vrp,246183000.0,182.99,OK
XML1000000_3163_02,XML1000000_3163_02_chunk_1.vrp,ERROR,0,No feasible route found in 60s.
XML1000000_3163_02,XML1000000_3163_02_chunk_10.vrp,ERROR,0,No feasible route found in 60s.
XML1000000_3163_02,XML1000000_3163_02_chunk_100.vrp,180318000.0,180.79,OK
XML1000000_3163_02,XML1000000_3163_02_chunk_101.vrp,ERROR,0,No feasible route found in 60s.
XML1000000_3163_02,XML1000000_3163_02_chunk_102.vrp,ERROR,0,No feasible route found in 60s.
XML1000000_3163_02,XML1000000_3163_02_chunk_103.vrp,ERROR,0,No feasible route found in 60s.
XML1000000_3163_02,XML1000000_3163_02_chunk_104.vrp,248110000.0,181.57,OK
XML1000000_3163_02,XML1000000_3163_02_chunk_105.vrp,ERROR,0,No feasible route found in 60s.
XML1000000_3163_02,XML1000000_3163_02_chunk_106.vrp,ERROR,0,No feasible route found in 60s.
XML1000000_3163_02,XML1000000_3163_02_chunk_107.vrp,137838000.0,183.15,OK
XML1000000_3163_02,XML1000000_3163_02_chunk_108.vrp,ERROR,0,No feasible route found in 60s.
XML1000000_3163_02,XML1000000_3163_02_chunk_109.vrp,166969000.0,180.59,OK
XML1000000_3163_02,XML1000000_3163_02_chunk_11.vrp,293747000.0,180.72,OK
XML1000000_3163_02,XML1000000_3163_02_chunk_110.vrp,ERROR,0,No feasible route found in 60s.
XML1000000_3163_02,XML1000000_3163_02_chunk_111.vrp,ERROR,0,No feasible route found in 60s.
XML1000000_3163_02,XML1000000_3163_02_chunk_112.vrp,117096000.0,182.08,OK
XML1000000_3163_02,XML1000000_3163_02_chunk_113.vrp,144472000.0,186.01,OK
XML1000000_3163_02,XML1000000_3163_02_chunk_114.vrp,146949000.0,185.01,OK
XML1000000_3163_02,XML1000000_3163_02_chunk_115.vrp,ERROR,0,No feasible route found in 60s.
XML1000000_3163_02,XML1000000_3163_02_chunk_116.vrp,207005000.0,185.06,OK
XML1000000_3163_02,XML1000000_3163_02_chunk_117.vrp,96553400.0,181.84,OK
XML1000000_3163_02,XML1000000_3163_02_chunk_118.vrp,ERROR,0,No feasible route found in 60s.
XML1000000_3163_02,XML1000000_3163_02_chunk_119.vrp,ERROR,0,No feasible route found in 60s.
XML1000000_3163_02,XML1000000_3163_02_chunk_12.vrp,167241000.0,182.44,OK
XML1000000_3163_02,XML1000000_3163_02_chunk_120.vrp,150737000.0,186.48,OK
XML1000000_3163_02,XML1000000_3163_02_chunk_121.vrp,203404000.0,183.75,OK
XML1000000_3163_02,XML1000000_3163_02_chunk_122.vrp,243580000.0,182.34,OK
XML1000000_3163_02,XML1000000_3163_02_chunk_123.vrp,ERROR,0,No feasible route found in 60s.
XML1000000_3163_02,XML1000000_3163_02_chunk_124.vrp,ERROR,0,No feasible route found in 60s.
XML1000000_3163_02,XML1000000_3163_02_chunk_125.vrp,ERROR,0,No feasible route found in 60s.
XML1000000_3163_02,XML1000000_3163_02_chunk_126.vrp,189167000.0,187.24,OK
XML1000000_3163_02,XML1000000_3163_02_chunk_127.vrp,ERROR,0,No feasible route found in 60s.
XML1000000_3163_02,XML1000000_3163_02_chunk_128.vrp,148136000.0,180.51,OK
XML1000000_3163_02,XML1000000_3163_02_chunk_129.vrp,ERROR,0,No feasible route found in 60s.
XML1000000_3163_02,XML1000000_3163_02_chunk_13.vrp,ERROR,0,No feasible route found in 60s.
XML1000000_3163_02,XML1000000_3163_02_chunk_130.vrp,ERROR,0,No feasible route found in 60s.
XML1000000_3163_02,XML1000000_3163_02_chunk_131.vrp,ERROR,0,No feasible route found in 60s.
XML1000000_3163_02,XML1000000_3163_02_chunk_132.vrp,ERROR,0,No feasible route found in 60s.
XML1000000_3163_02,XML1000000_3163_02_chunk_133.vrp,ERROR,0,No feasible route found in 60s.
XML1000000_3163_02,XML1000000_3163_02_chunk_134.vrp,184140000.0,182.48,OK
XML1000000_3163_02,XML1000000_3163_02_chunk_135.vrp,ERROR,0,No feasible route found in 60s.
XML1000000_3163_02,XML1000000_3163_02_chunk_136.vrp,160242000.0,180.43,OK
XML1000000_3163_02,XML1000000_3163_02_chunk_137.vrp,221859000.0,181.68,OK
XML1000000_3163_02,XML1000000_3163_02_chunk_138.vrp,ERROR,0,No feasible route found in 60s.
XML1000000_3163_02,XML1000000_3163_02_chunk_139.vrp,ERROR,0,No feasible route found in 60s.
XML1000000_3163_02,XML1000000_3163_02_chunk_14.vrp,236104000.0,183.36,OK
XML1000000_3163_02,XML1000000_3163_02_chunk_140.vrp,138765000.0,183.02,OK
XML1000000_3163_02,XML1000000_3163_02_chunk_141.vrp,183895000.0,184.74,OK
XML1000000_3163_02,XML1000000_3163_02_chunk_142.vrp,ERROR,0,No feasible route found in 60s.
XML1000000_3163_02,XML1000000_3163_02_chunk_143.vrp,172845000.0,181.09,OK
XML1000000_3163_02,XML1000000_3163_02_chunk_144.vrp,ERROR,0,No feasible route found in 60s.
XML1000000_3163_02,XML1000000_3163_02_chunk_145.vrp,276378000.0,182.98,OK
XML1000000_3163_02,XML1000000_3163_02_chunk_146.vrp,330163000.0,180.61,OK
XML1000000_3163_02,XML1000000_3163_02_chunk_147.vrp,ERROR,0,No feasible route found in 60s.
XML1000000_3163_02,XML1000000_3163_02_chunk_148.vrp,127544000.0,181.44,OK
XML1000000_3163_02,XML1000000_3163_02_chunk_149.vrp,ERROR,0,No feasible route found in 60s.
XML1000000_3163_02,XML1000000_3163_02_chunk_15.vrp,283485000.0,183.5,OK
XML1000000_3163_02,XML1000000_3163_02_chunk_150.vrp,174496000.0,182.61,OK
XML1000000_3163_02,XML1000000_3163_02_chunk_151.vrp,161428000.0,180.75,OK
XML1000000_3163_02,XML1000000_3163_02_chunk_152.vrp,ERROR,0,No feasible route found in 60s.
XML1000000_3163_02,XML1000000_3163_02_chunk_153.vrp,291615000.0,185.23,OK
XML1000000_3163_02,XML1000000_3163_02_chunk_154.vrp,144663000.0,187.26,OK
XML1000000_3163_02,XML1000000_3163_02_chunk_155.vrp,206563000.0,183.12,OK
XML1000000_3163_02,XML1000000_3163_02_chunk_156.vrp,ERROR,0,No feasible route found in 60s.
XML1000000_3163_02,XML1000000_3163_02_chunk_157.vrp,ERROR,0,No feasible route found in 60s.
XML1000000_3163_02,XML1000000_3163_02_chunk_158.vrp,233988000.0,180.68,OK
XML1000000_3163_02,XML1000000_3163_02_chunk_159.vrp,ERROR,0,No feasible route found in 60s.
XML1000000_3163_02,XML1000000_3163_02_chunk_16.vrp,186820000.0,189.78,OK
XML1000000_3163_02,XML1000000_3163_02_chunk_160.vrp,241454000.0,180.28,OK
XML1000000_3163_02,XML1000000_3163_02_chunk_161.vrp,ERROR,0,No feasible route found in 60s.
XML1000000_3163_02,XML1000000_3163_02_chunk_162.vrp,171535000.0,182.5,OK
XML1000000_3163_02,XML1000000_3163_02_chunk_163.vrp,ERROR,0,No feasible route found in 60s.
XML1000000_3163_02,XML1000000_3163_02_chunk_164.vrp,54721000.0,180.52,OK
XML1000000_3163_02,XML1000000_3163_02_chunk_165.vrp,ERROR,0,No feasible route found in 60s.
XML1000000_3163_02,XML1000000_3163_02_chunk_166.vrp,ERROR,0,No feasible route found in 60s.
XML1000000_3163_02,XML1000000_3163_02_chunk_167.vrp,ERROR,0,No feasible route found in 60s.
XML1000000_3163_02,XML1000000_3163_02_chunk_168.vrp,ERROR,0,No feasible route found in 60s.
XML1000000_3163_02,XML1000000_3163_02_chunk_169.vrp,188721000.0,182.17,OK
XML1000000_3163_02,XML1000000_3163_02_chunk_17.vrp,ERROR,0,No feasible route found in 60s.
XML1000000_3163_02,XML1000000_3163_02_chunk_170.vrp,301711000.0,183.8,OK
XML1000000_3163_02,XML1000000_3163_02_chunk_171.vrp,118865000.0,181.53,OK
XML1000000_3163_02,XML1000000_3163_02_chunk_172.vrp,ERROR,0,No feasible route found in 60s.
XML1000000_3163_02,XML1000000_3163_02_chunk_173.vrp,284756000.0,182.39,OK
XML1000000_3163_02,XML1000000_3163_02_chunk_174.vrp,192635000.0,186.71,OK
XML1000000_3163_02,XML1000000_3163_02_chunk_175.vrp,ERROR,0,No feasible route found in 60s.
XML1000000_3163_02,XML1000000_3163_02_chunk_176.vrp,ERROR,0,No feasible route found in 60s.
XML1000000_3163_02,XML1000000_3163_02_chunk_177.vrp,ERROR,0,No feasible route found in 60s.
XML1000000_3163_02,XML1000000_3163_02_chunk_178.vrp,ERROR,0,No feasible route found in 60s.
XML1000000_3163_02,XML1000000_3163_02_chunk_179.vrp,ERROR,0,No feasible route found in 60s.
XML1000000_3163_02,XML1000000_3163_02_chunk_18.vrp,191248000.0,185.52,OK
XML1000000_3163_02,XML1000000_3163_02_chunk_180.vrp,ERROR,0,No feasible route found in 60s.
XML1000000_3163_02,XML1000000_3163_02_chunk_181.vrp,ERROR,0,No feasible route found in 60s.
XML1000000_3163_02,XML1000000_3163_02_chunk_182.vrp,ERROR,0,No feasible route found in 60s.
XML1000000_3163_02,XML1000000_3163_02_chunk_183.vrp,157478000.0,181.19,OK
XML1000000_3163_02,XML1000000_3163_02_chunk_184.vrp,144886000.0,184.99,OK
XML1000000_3163_02,XML1000000_3163_02_chunk_185.vrp,ERROR,0,No feasible route found in 60s.
XML1000000_3163_02,XML1000000_3163_02_chunk_186.vrp,ERROR,0,No feasible route found in 60s.
XML1000000_3163_02,XML1000000_3163_02_chunk_187.vrp,163117000.0,187.57,OK
XML1000000_3163_02,XML1000000_3163_02_chunk_188.vrp,ERROR,0,No feasible route found in 60s.
XML1000000_3163_02,XML1000000_3163_02_chunk_189.vrp,ERROR,0,No feasible route found in 60s.
XML1000000_3163_02,XML1000000_3163_02_chunk_19.vrp,ERROR,0,No feasible route found in 60s.
XML1000000_3163_02,XML1000000_3163_02_chunk_190.vrp,ERROR,0,No feasible route found in 60s.
XML1000000_3163_02,XML1000000_3163_02_chunk_191.vrp,ERROR,0,No feasible route found in 60s.
XML1000000_3163_02,XML1000000_3163_02_chunk_192.vrp,166008000.0,185.21,OK
XML1000000_3163_02,XML1000000_3163_02_chunk_193.vrp,ERROR,0,No feasible route found in 60s.
XML1000000_3163_02,XML1000000_3163_02_chunk_194.vrp,228281000.0,182.2,OK
XML1000000_3163_02,XML1000000_3163_02_chunk_195.vrp,ERROR,0,No feasible route found in 60s.
XML1000000_3163_02,XML1000000_3163_02_chunk_196.vrp,208348000.0,182.85,OK
XML1000000_3163_02,XML1000000_3163_02_chunk_197.vrp,ERROR,0,No feasible route found in 60s.
XML1000000_3163_02,XML1000000_3163_02_chunk_198.vrp,141743000.0,181.64,OK
XML1000000_3163_02,XML1000000_3163_02_chunk_199.vrp,ERROR,0,No feasible route found in 60s.
XML1000000_3163_02,XML1000000_3163_02_chunk_2.vrp,ERROR,0,No feasible route found in 60s.
XML1000000_3163_02,XML1000000_3163_02_chunk_20.vrp,ERROR,0,No feasible route found in 60s.
XML1000000_3163_02,XML1000000_3163_02_chunk_200.vrp,ERROR,0,No feasible route found in 60s.
XML1000000_3163_02,XML1000000_3163_02_chunk_201.vrp,ERROR,0,No feasible route found in 60s.
XML1000000_3163_02,XML1000000_3163_02_chunk_202.vrp,ERROR,0,No feasible route found in 60s.
XML1000000_3163_02,XML1000000_3163_02_chunk_203.vrp,ERROR,0,No feasible route found in 60s.
XML1000000_3163_02,XML1000000_3163_02_chunk_204.vrp,280312000.0,183.24,OK
XML1000000_3163_02,XML1000000_3163_02_chunk_205.vrp,ERROR,0,No feasible route found in 60s.
XML1000000_3163_02,XML1000000_3163_02_chunk_206.vrp,ERROR,0,No feasible route found in 60s.
XML1000000_3163_02,XML1000000_3163_02_chunk_207.vrp,187535000.0,182.46,OK
XML1000000_3163_02,XML1000000_3163_02_chunk_208.vrp,ERROR,0,No feasible route found in 60s.
XML1000000_3163_02,XML1000000_3163_02_chunk_209.vrp,205887000.0,180.51,OK
XML1000000_3163_02,XML1000000_3163_02_chunk_21.vrp,144191000.0,181.06,OK
XML1000000_3163_02,XML1000000_3163_02_chunk_210.vrp,ERROR,0,No feasible route found in 60s.
XML1000000_3163_02,XML1000000_3163_02_chunk_211.vrp,137071000.0,182.08,OK
XML1000000_3163_02,XML1000000_3163_02_chunk_212.vrp,ERROR,0,No feasible route found in 60s.
XML1000000_3163_02,XML1000000_3163_02_chunk_213.vrp,ERROR,0,No feasible route found in 60s.
XML1000000_3163_02,XML1000000_3163_02_chunk_214.vrp,ERROR,0,No feasible route found in 60s.
XML1000000_3163_02,XML1000000_3163_02_chunk_215.vrp,ERROR,0,No feasible route found in 60s.
XML1000000_3163_02,XML1000000_3163_02_chunk_216.vrp,337024000.0,183.27,OK
XML1000000_3163_02,XML1000000_3163_02_chunk_217.vrp,115102000.0,182.17,OK
XML1000000_3163_02,XML1000000_3163_02_chunk_218.vrp,ERROR,0,No feasible route found in 60s.
XML1000000_3163_02,XML1000000_3163_02_chunk_219.vrp,ERROR,0,No feasible route found in 60s.
XML1000000_3163_02,XML1000000_3163_02_chunk_22.vrp,116686000.0,182.01,OK
XML1000000_3163_02,XML1000000_3163_02_chunk_220.vrp,126297000.0,180.31,OK
XML1000000_3163_02,XML1000000_3163_02_chunk_221.vrp,237449000.0,184.71,OK
XML1000000_3163_02,XML1000000_3163_02_chunk_222.vrp,ERROR,0,No feasible route found in 60s.
XML1000000_3163_02,XML1000000_3163_02_chunk_223.vrp,ERROR,0,No feasible route found in 60s.
XML1000000_3163_02,XML1000000_3163_02_chunk_224.vrp,148665000.0,182.31,OK
XML1000000_3163_02,XML1000000_3163_02_chunk_225.vrp,152095000.0,185.0,OK
XML1000000_3163_02,XML1000000_3163_02_chunk_226.vrp,155865000.0,186.56,OK
XML1000000_3163_02,XML1000000_3163_02_chunk_227.vrp,88373400.0,180.46,OK
XML1000000_3163_02,XML1000000_3163_02_chunk_228.vrp,ERROR,0,No feasible route found in 60s.
XML1000000_3163_02,XML1000000_3163_02_chunk_229.vrp,ERROR,0,No feasible route found in 60s.
XML1000000_3163_02,XML1000000_3163_02_chunk_23.vrp,ERROR,0,No feasible route found in 60s.
XML1000000_3163_02,XML1000000_3163_02_chunk_230.vrp,ERROR,0,No feasible route found in 60s.
XML1000000_3163_02,XML1000000_3163_02_chunk_231.vrp,ERROR,0,No feasible route found in 60s.
XML1000000_3163_02,XML1000000_3163_02_chunk_232.vrp,ERROR,0,No feasible route found in 60s.
XML1000000_3163_02,XML1000000_3163_02_chunk_233.vrp,ERROR,0,No feasible route found in 60s.
XML1000000_3163_02,XML1000000_3163_02_chunk_234.vrp,251453000.0,182.1,OK
XML1000000_3163_02,XML1000000_3163_02_chunk_235.vrp,275536000.0,182.24,OK
XML1000000_3163_02,XML1000000_3163_02_chunk_236.vrp,254012000.0,182.21,OK
XML1000000_3163_02,XML1000000_3163_02_chunk_237.vrp,ERROR,0,No feasible route found in 60s.
XML1000000_3163_02,XML1000000_3163_02_chunk_238.vrp,ERROR,0,No feasible route found in 60s.
XML1000000_3163_02,XML1000000_3163_02_chunk_239.vrp,163973000.0,182.94,OK
XML1000000_3163_02,XML1000000_3163_02_chunk_24.vrp,ERROR,0,No feasible route found in 60s.
XML1000000_3163_02,XML1000000_3163_02_chunk_240.vrp,167913000.0,183.3,OK
XML1000000_3163_02,XML1000000_3163_02_chunk_241.vrp,ERROR,0,No feasible route found in 60s.
XML1000000_3163_02,XML1000000_3163_02_chunk_242.vrp,135414000.0,181.12,OK
XML1000000_3163_02,XML1000000_3163_02_chunk_243.vrp,186361000.0,186.08,OK
XML1000000_3163_02,XML1000000_3163_02_chunk_244.vrp,157838000.0,182.38,OK
XML1000000_3163_02,XML1000000_3163_02_chunk_245.vrp,ERROR,0,No feasible route found in 60s.
XML1000000_3163_02,XML1000000_3163_02_chunk_246.vrp,ERROR,0,No feasible route found in 60s.
XML1000000_3163_02,XML1000000_3163_02_chunk_247.vrp,159401000.0,182.09,OK
XML1000000_3163_02,XML1000000_3163_02_chunk_248.vrp,176972000.0,181.33,OK
XML1000000_3163_02,XML1000000_3163_02_chunk_249.vrp,ERROR,0,No feasible route found in 60s.
XML1000000_3163_02,XML1000000_3163_02_chunk_25.vrp,284417000.0,181.8,OK
XML1000000_3163_02,XML1000000_3163_02_chunk_250.vrp,129929000.0,180.91,OK
XML1000000_3163_02,XML1000000_3163_02_chunk_251.vrp,ERROR,0,No feasible route found in 60s.
XML1000000_3163_02,XML1000000_3163_02_chunk_252.vrp,170243000.0,183.74,OK
XML1000000_3163_02,XML1000000_3163_02_chunk_253.vrp,ERROR,0,No feasible route found in 60s.
XML1000000_3163_02,XML1000000_3163_02_chunk_254.vrp,30639200.0,180.97,OK
XML1000000_3163_02,XML1000000_3163_02_chunk_255.vrp,259509000.0,182.65,OK
XML1000000_3163_02,XML1000000_3163_02_chunk_256.vrp,119054000.0,180.99,OK
XML1000000_3163_02,XML1000000_3163_02_chunk_257.vrp,ERROR,0,No feasible route found in 60s.
XML1000000_3163_02,XML1000000_3163_02_chunk_258.vrp,ERROR,0,No feasible route found in 60s.
XML1000000_3163_02,XML1000000_3163_02_chunk_259.vrp,ERROR,0,No feasible route found in 60s.
XML1000000_3163_02,XML1000000_3163_02_chunk_26.vrp,144398000.0,184.49,OK
XML1000000_3163_02,XML1000000_3163_02_chunk_260.vrp,264299000.0,183.4,OK
XML1000000_3163_02,XML1000000_3163_02_chunk_261.vrp,ERROR,0,No feasible route found in 60s.
XML1000000_3163_02,XML1000000_3163_02_chunk_262.vrp,ERROR,0,No feasible route found in 60s.
XML1000000_3163_02,XML1000000_3163_02_chunk_263.vrp,98788300.0,180.34,OK
XML1000000_3163_02,XML1000000_3163_02_chunk_264.vrp,ERROR,0,No feasible route found in 60s.
XML1000000_3163_02,XML1000000_3163_02_chunk_265.vrp,124955000.0,180.54,OK
XML1000000_3163_02,XML1000000_3163_02_chunk_266.vrp,ERROR,0,No feasible route found in 60s.
XML1000000_3163_02,XML1000000_3163_02_chunk_267.vrp,ERROR,0,No feasible route found in 60s.
XML1000000_3163_02,XML1000000_3163_02_chunk_268.vrp,ERROR,0,No feasible route found in 60s.
XML1000000_3163_02,XML1000000_3163_02_chunk_269.vrp,ERROR,0,No feasible route found in 60s.
XML1000000_3163_02,XML1000000_3163_02_chunk_27.vrp,ERROR,0,No feasible route found in 60s.
XML1000000_3163_02,XML1000000_3163_02_chunk_270.vrp,ERROR,0,No feasible route found in 60s.
XML1000000_3163_02,XML1000000_3163_02_chunk_271.vrp,299189000.0,180.88,OK
XML1000000_3163_02,XML1000000_3163_02_chunk_272.vrp,180202000.0,184.68,OK
XML1000000_3163_02,XML1000000_3163_02_chunk_273.vrp,ERROR,0,No feasible route found in 60s.
XML1000000_3163_02,XML1000000_3163_02_chunk_274.vrp,ERROR,0,No feasible route found in 60s.
XML1000000_3163_02,XML1000000_3163_02_chunk_275.vrp,ERROR,0,No feasible route found in 60s.
XML1000000_3163_02,XML1000000_3163_02_chunk_276.vrp,ERROR,0,No feasible route found in 60s.
XML1000000_3163_02,XML1000000_3163_02_chunk_277.vrp,ERROR,0,No feasible route found in 60s.
XML1000000_3163_02,XML1000000_3163_02_chunk_278.vrp,ERROR,0,No feasible route found in 60s.
XML1000000_3163_02,XML1000000_3163_02_chunk_279.vrp,ERROR,0,No feasible route found in 60s.
XML1000000_3163_02,XML1000000_3163_02_chunk_28.vrp,ERROR,0,No feasible route found in 60s.
XML1000000_3163_02,XML1000000_3163_02_chunk_280.vrp,ERROR,0,No feasible route found in 60s.
XML1000000_3163_02,XML1000000_3163_02_chunk_281.vrp,ERROR,0,No feasible route found in 60s.
XML1000000_3163_02,XML1000000_3163_02_chunk_282.vrp,ERROR,0,No feasible route found in 60s.
XML1000000_3163_02,XML1000000_3163_02_chunk_283.vrp,ERROR,0,No feasible route found in 60s.
XML1000000_3163_02,XML1000000_3163_02_chunk_284.vrp,ERROR,0,No feasible route found in 60s.
XML1000000_3163_02,XML1000000_3163_02_chunk_285.vrp,320147000.0,185.34,OK
XML1000000_3163_02,XML1000000_3163_02_chunk_286.vrp,ERROR,0,No feasible route found in 60s.
XML1000000_3163_02,XML1000000_3163_02_chunk_287.vrp,298852000.0,183.57,OK
XML1000000_3163_02,XML1000000_3163_02_chunk_288.vrp,138467000.0,181.06,OK
XML1000000_3163_02,XML1000000_3163_02_chunk_289.vrp,303662000.0,184.43,OK
XML1000000_3163_02,XML1000000_3163_02_chunk_29.vrp,ERROR,0,No feasible route found in 60s.
XML1000000_3163_02,XML1000000_3163_02_chunk_290.vrp,169347000.0,180.87,OK
XML1000000_3163_02,XML1000000_3163_02_chunk_291.vrp,264644000.0,181.75,OK
XML1000000_3163_02,XML1000000_3163_02_chunk_292.vrp,ERROR,0,No feasible route found in 60s.
XML1000000_3163_02,XML1000000_3163_02_chunk_293.vrp,196095000.0,182.79,OK
XML1000000_3163_02,XML1000000_3163_02_chunk_294.vrp,191939000.0,182.22,OK
XML1000000_3163_02,XML1000000_3163_02_chunk_295.vrp,ERROR,0,No feasible route found in 60s.
XML1000000_3163_02,XML1000000_3163_02_chunk_296.vrp,ERROR,0,No feasible route found in 60s.
XML1000000_3163_02,XML1000000_3163_02_chunk_297.vrp,134109000.0,184.76,OK
XML1000000_3163_02,XML1000000_3163_02_chunk_298.vrp,177374000.0,181.28,OK
XML1000000_3163_02,XML1000000_3163_02_chunk_299.vrp,ERROR,0,No feasible route found in 60s.
XML1000000_3163_02,XML1000000_3163_02_chunk_3.vrp,ERROR,0,No feasible route found in 60s.
XML1000000_3163_02,XML1000000_3163_02_chunk_30.vrp,168780000.0,181.49,OK
XML1000000_3163_02,XML1000000_3163_02_chunk_300.vrp,ERROR,0,No feasible route found in 60s.
XML1000000_3163_02,XML1000000_3163_02_chunk_301.vrp,176405000.0,183.42,OK
XML1000000_3163_02,XML1000000_3163_02_chunk_302.vrp,ERROR,0,No feasible route found in 60s.
XML1000000_3163_02,XML1000000_3163_02_chunk_303.vrp,ERROR,0,No feasible route found in 60s.
XML1000000_3163_02,XML1000000_3163_02_chunk_304.vrp,ERROR,0,No feasible route found in 60s.
XML1000000_3163_02,XML1000000_3163_02_chunk_305.vrp,271837000.0,181.42,OK
XML1000000_3163_02,XML1000000_3163_02_chunk_306.vrp,ERROR,0,No feasible route found in 60s.
XML1000000_3163_02,XML1000000_3163_02_chunk_307.vrp,ERROR,0,No feasible route found in 60s.
XML1000000_3163_02,XML1000000_3163_02_chunk_308.vrp,128081000.0,185.91,OK
XML1000000_3163_02,XML1000000_3163_02_chunk_309.vrp,ERROR,0,No feasible route found in 60s.
XML1000000_3163_02,XML1000000_3163_02_chunk_31.vrp,121598000.0,184.67,OK
XML1000000_3163_02,XML1000000_3163_02_chunk_310.vrp,245666000.0,180.4,OK
XML1000000_3163_02,XML1000000_3163_02_chunk_311.vrp,ERROR,0,No feasible route found in 60s.
XML1000000_3163_02,XML1000000_3163_02_chunk_312.vrp,190214000.0,181.89,OK
XML1000000_3163_02,XML1000000_3163_02_chunk_313.vrp,ERROR,0,No feasible route found in 60s.
XML1000000_3163_02,XML1000000_3163_02_chunk_314.vrp,ERROR,0,No feasible route found in 60s.
XML1000000_3163_02,XML1000000_3163_02_chunk_315.vrp,ERROR,0,No feasible route found in 60s.
XML1000000_3163_02,XML1000000_3163_02_chunk_316.vrp,57760800.0,180.57,OK
XML1000000_3163_02,XML1000000_3163_02_chunk_317.vrp,227620000.0,187.87,OK
XML1000000_3163_02,XML1000000_3163_02_chunk_318.vrp,234051000.0,182.78,OK
XML1000000_3163_02,XML1000000_3163_02_chunk_319.vrp,211960000.0,185.83,OK
XML1000000_3163_02,XML1000000_3163_02_chunk_32.vrp,ERROR,0,No feasible route found in 60s.
XML1000000_3163_02,XML1000000_3163_02_chunk_320.vrp,218903000.0,180.99,OK
XML1000000_3163_02,XML1000000_3163_02_chunk_321.vrp,229289000.0,181.79,OK
XML1000000_3163_02,XML1000000_3163_02_chunk_322.vrp,144821000.0,186.67,OK
XML1000000_3163_02,XML1000000_3163_02_chunk_323.vrp,ERROR,0,No feasible route found in 60s.
XML1000000_3163_02,XML1000000_3163_02_chunk_324.vrp,ERROR,0,No feasible route found in 60s.
XML1000000_3163_02,XML1000000_3163_02_chunk_325.vrp,ERROR,0,No feasible route found in 60s.
XML1000000_3163_02,XML1000000_3163_02_chunk_326.vrp,ERROR,0,No feasible route found in 60s.
XML1000000_3163_02,XML1000000_3163_02_chunk_327.vrp,ERROR,0,No feasible route found in 60s.
XML1000000_3163_02,XML1000000_3163_02_chunk_328.vrp,ERROR,0,No feasible route found in 60s.
XML1000000_3163_02,XML1000000_3163_02_chunk_329.vrp,148452000.0,186.08,OK
XML1000000_3163_02,XML1000000_3163_02_chunk_33.vrp,ERROR,0,No feasible route found in 60s.
XML1000000_3163_02,XML1000000_3163_02_chunk_330.vrp,ERROR,0,No feasible route found in 60s.
XML1000000_3163_02,XML1000000_3163_02_chunk_331.vrp,ERROR,0,No feasible route found in 60s.
XML1000000_3163_02,XML1000000_3163_02_chunk_332.vrp,180013000.0,181.35,OK
XML1000000_3163_02,XML1000000_3163_02_chunk_333.vrp,ERROR,0,No feasible route found in 60s.
XML1000000_3163_02,XML1000000_3163_02_chunk_334.vrp,ERROR,0,No feasible route found in 60s.
XML1000000_3163_02,XML1000000_3163_02_chunk_335.vrp,ERROR,0,No feasible route found in 60s.
XML1000000_3163_02,XML1000000_3163_02_chunk_336.vrp,ERROR,0,No feasible route found in 60s.
XML1000000_3163_02,XML1000000_3163_02_chunk_337.vrp,136888000.0,181.33,OK
XML1000000_3163_02,XML1000000_3163_02_chunk_338.vrp,ERROR,0,No feasible route found in 60s.
XML1000000_3163_02,XML1000000_3163_02_chunk_339.vrp,220321000.0,183.87,OK
XML1000000_3163_02,XML1000000_3163_02_chunk_34.vrp,ERROR,0,No feasible route found in 60s.
XML1000000_3163_02,XML1000000_3163_02_chunk_340.vrp,275189000.0,185.39,OK
XML1000000_3163_02,XML1000000_3163_02_chunk_341.vrp,ERROR,0,No feasible route found in 60s.
XML1000000_3163_02,XML1000000_3163_02_chunk_342.vrp,ERROR,0,No feasible route found in 60s.
XML1000000_3163_02,XML1000000_3163_02_chunk_343.vrp,ERROR,0,No feasible route found in 60s.
XML1000000_3163_02,XML1000000_3163_02_chunk_344.vrp,113660000.0,180.88,OK
XML1000000_3163_02,XML1000000_3163_02_chunk_345.vrp,ERROR,0,No feasible route found in 60s.
XML1000000_3163_02,XML1000000_3163_02_chunk_346.vrp,ERROR,0,No feasible route found in 60s.
XML1000000_3163_02,XML1000000_3163_02_chunk_347.vrp,ERROR,0,No feasible route found in 60s.
XML1000000_3163_02,XML1000000_3163_02_chunk_348.vrp,ERROR,0,No feasible route found in 60s.
XML1000000_3163_02,XML1000000_3163_02_chunk_349.vrp,139703000.0,186.36,OK
XML1000000_3163_02,XML1000000_3163_02_chunk_35.vrp,ERROR,0,No feasible route found in 60s.
XML1000000_3163_02,XML1000000_3163_02_chunk_350.vrp,268171000.0,184.43,OK
XML1000000_3163_02,XML1000000_3163_02_chunk_351.vrp,ERROR,0,No feasible route found in 60s.
XML1000000_3163_02,XML1000000_3163_02_chunk_352.vrp,ERROR,0,No feasible route found in 60s.
XML1000000_3163_02,XML1000000_3163_02_chunk_353.vrp,ERROR,0,No feasible route found in 60s.
XML1000000_3163_02,XML1000000_3163_02_chunk_354.vrp,175559000.0,183.09,OK
XML1000000_3163_02,XML1000000_3163_02_chunk_355.vrp,ERROR,0,No feasible route found in 60s.
XML1000000_3163_02,XML1000000_3163_02_chunk_356.vrp,ERROR,0,No feasible route found in 60s.
XML1000000_3163_02,XML1000000_3163_02_chunk_357.vrp,ERROR,0,No feasible route found in 60s.
XML1000000_3163_02,XML1000000_3163_02_chunk_358.vrp,233150000.0,182.31,OK
XML1000000_3163_02,XML1000000_3163_02_chunk_359.vrp,115782000.0,180.33,OK
XML1000000_3163_02,XML1000000_3163_02_chunk_36.vrp,249219000.0,182.9,OK
XML1000000_3163_02,XML1000000_3163_02_chunk_360.vrp,147726000.0,182.12,OK
XML1000000_3163_02,XML1000000_3163_02_chunk_361.vrp,163615000.0,185.09,OK
XML1000000_3163_02,XML1000000_3163_02_chunk_362.vrp,ERROR,0,No feasible route found in 60s.
XML1000000_3163_02,XML1000000_3163_02_chunk_363.vrp,277283000.0,183.16,OK
XML1000000_3163_02,XML1000000_3163_02_chunk_364.vrp,ERROR,0,No feasible route found in 60s.
XML1000000_3163_02,XML1000000_3163_02_chunk_365.vrp,ERROR,0,No feasible route found in 60s.
XML1000000_3163_02,XML1000000_3163_02_chunk_366.vrp,145925000.0,182.5,OK
XML1000000_3163_02,XML1000000_3163_02_chunk_367.vrp,ERROR,0,No feasible route found in 60s.
XML1000000_3163_02,XML1000000_3163_02_chunk_368.vrp,ERROR,0,No feasible route found in 60s.
XML1000000_3163_02,XML1000000_3163_02_chunk_369.vrp,266310000.0,182.64,OK
XML1000000_3163_02,XML1000000_3163_02_chunk_37.vrp,ERROR,0,No feasible route found in 60s.
XML1000000_3163_02,XML1000000_3163_02_chunk_370.vrp,ERROR,0,No feasible route found in 60s.
XML1000000_3163_02,XML1000000_3163_02_chunk_371.vrp,154960000.0,180.64,OK
XML1000000_3163_02,XML1000000_3163_02_chunk_372.vrp,ERROR,0,No feasible route found in 60s.
XML1000000_3163_02,XML1000000_3163_02_chunk_373.vrp,305617000.0,182.87,OK
XML1000000_3163_02,XML1000000_3163_02_chunk_374.vrp,ERROR,0,No feasible route found in 60s.
XML1000000_3163_02,XML1000000_3163_02_chunk_375.vrp,ERROR,0,No feasible route found in 60s.
XML1000000_3163_02,XML1000000_3163_02_chunk_376.vrp,188895000.0,183.91,OK
XML1000000_3163_02,XML1000000_3163_02_chunk_377.vrp,ERROR,0,No feasible route found in 60s.
XML1000000_3163_02,XML1000000_3163_02_chunk_378.vrp,130538000.0,181.21,OK
XML1000000_3163_02,XML1000000_3163_02_chunk_379.vrp,ERROR,0,No feasible route found in 60s.
XML1000000_3163_02,XML1000000_3163_02_chunk_38.vrp,ERROR,0,No feasible route found in 60s.
XML1000000_3163_02,XML1000000_3163_02_chunk_380.vrp,ERROR,0,No feasible route found in 60s.
XML1000000_3163_02,XML1000000_3163_02_chunk_381.vrp,133118000.0,183.36,OK
XML1000000_3163_02,XML1000000_3163_02_chunk_382.vrp,289856000.0,182.2,OK
XML1000000_3163_02,XML1000000_3163_02_chunk_383.vrp,155570000.0,181.93,OK
XML1000000_3163_02,XML1000000_3163_02_chunk_384.vrp,ERROR,0,No feasible route found in 60s.
XML1000000_3163_02,XML1000000_3163_02_chunk_385.vrp,147876000.0,183.44,OK
XML1000000_3163_02,XML1000000_3163_02_chunk_386.vrp,163533000.0,181.62,OK
XML1000000_3163_02,XML1000000_3163_02_chunk_387.vrp,ERROR,0,No feasible route found in 60s.
XML1000000_3163_02,XML1000000_3163_02_chunk_388.vrp,158370000.0,183.96,OK
XML1000000_3163_02,XML1000000_3163_02_chunk_389.vrp,ERROR,0,No feasible route found in 60s.
XML1000000_3163_02,XML1000000_3163_02_chunk_39.vrp,144906000.0,181.93,OK
XML1000000_3163_02,XML1000000_3163_02_chunk_390.vrp,ERROR,0,No feasible route found in 60s.
XML1000000_3163_02,XML1000000_3163_02_chunk_391.vrp,ERROR,0,No feasible route found in 60s.
XML1000000_3163_02,XML1000000_3163_02_chunk_392.vrp,ERROR,0,No feasible route found in 60s.
XML1000000_3163_02,XML1000000_3163_02_chunk_393.vrp,ERROR,0,No feasible route found in 60s.
XML1000000_3163_02,XML1000000_3163_02_chunk_394.vrp,217114000.0,182.82,OK
XML1000000_3163_02,XML1000000_3163_02_chunk_395.vrp,329246000.0,181.82,OK
XML1000000_3163_02,XML1000000_3163_02_chunk_396.vrp,148886000.0,182.81,OK
XML1000000_3163_02,XML1000000_3163_02_chunk_397.vrp,ERROR,0,No feasible route found in 60s.
XML1000000_3163_02,XML1000000_3163_02_chunk_398.vrp,168726000.0,183.52,OK
XML1000000_3163_02,XML1000000_3163_02_chunk_399.vrp,ERROR,0,No feasible route found in 60s.
XML1000000_3163_02,XML1000000_3163_02_chunk_4.vrp,ERROR,0,No feasible route found in 60s.
XML1000000_3163_02,XML1000000_3163_02_chunk_40.vrp,336622000.0,185.01,OK
XML1000000_3163_02,XML1000000_3163_02_chunk_400.vrp,ERROR,0,No feasible route found in 60s.
XML1000000_3163_02,XML1000000_3163_02_chunk_401.vrp,152418000.0,185.78,OK
XML1000000_3163_02,XML1000000_3163_02_chunk_402.vrp,259824000.0,181.32,OK
XML1000000_3163_02,XML1000000_3163_02_chunk_403.vrp,196176000.0,181.22,OK
XML1000000_3163_02,XML1000000_3163_02_chunk_404.vrp,ERROR,0,No feasible route found in 60s.
XML1000000_3163_02,XML1000000_3163_02_chunk_405.vrp,188379000.0,180.71,OK
XML1000000_3163_02,XML1000000_3163_02_chunk_406.vrp,ERROR,0,No feasible route found in 60s.
XML1000000_3163_02,XML1000000_3163_02_chunk_407.vrp,227575000.0,184.21,OK
XML1000000_3163_02,XML1000000_3163_02_chunk_408.vrp,111279000.0,183.31,OK
XML1000000_3163_02,XML1000000_3163_02_chunk_409.vrp,ERROR,0,No feasible route found in 60s.
XML1000000_3163_02,XML1000000_3163_02_chunk_41.vrp,258921000.0,181.37,OK
XML1000000_3163_02,XML1000000_3163_02_chunk_410.vrp,215776000.0,185.17,OK
XML1000000_3163_02,XML1000000_3163_02_chunk_411.vrp,ERROR,0,No feasible route found in 60s.
XML1000000_3163_02,XML1000000_3163_02_chunk_412.vrp,ERROR,0,No feasible route found in 60s.
XML1000000_3163_02,XML1000000_3163_02_chunk_413.vrp,126202000.0,181.86,OK
XML1000000_3163_02,XML1000000_3163_02_chunk_414.vrp,145460000.0,183.47,OK
XML1000000_3163_02,XML1000000_3163_02_chunk_415.vrp,ERROR,0,No feasible route found in 60s.
XML1000000_3163_02,XML1000000_3163_02_chunk_416.vrp,185970000.0,185.27,OK
XML1000000_3163_02,XML1000000_3163_02_chunk_417.vrp,143583000.0,182.57,OK
XML1000000_3163_02,XML1000000_3163_02_chunk_418.vrp,ERROR,0,No feasible route found in 60s.
XML1000000_3163_02,XML1000000_3163_02_chunk_419.vrp,ERROR,0,No feasible route found in 60s.
XML1000000_3163_02,XML1000000_3163_02_chunk_42.vrp,ERROR,0,No feasible route found in 60s.
XML1000000_3163_02,XML1000000_3163_02_chunk_420.vrp,183473000.0,182.21,OK
XML1000000_3163_02,XML1000000_3163_02_chunk_421.vrp,202332000.0,181.95,OK
XML1000000_3163_02,XML1000000_3163_02_chunk_422.vrp,ERROR,0,No feasible route found in 60s.
XML1000000_3163_02,XML1000000_3163_02_chunk_423.vrp,ERROR,0,No feasible route found in 60s.
XML1000000_3163_02,XML1000000_3163_02_chunk_424.vrp,239947000.0,180.73,OK
XML1000000_3163_02,XML1000000_3163_02_chunk_425.vrp,133072000.0,184.67,OK
XML1000000_3163_02,XML1000000_3163_02_chunk_426.vrp,ERROR,0,No feasible route found in 60s.
XML1000000_3163_02,XML1000000_3163_02_chunk_427.vrp,ERROR,0,No feasible route found in 60s.
XML1000000_3163_02,XML1000000_3163_02_chunk_428.vrp,ERROR,0,No feasible route found in 60s.
XML1000000_3163_02,XML1000000_3163_02_chunk_429.vrp,118780000.0,184.96,OK
XML1000000_3163_02,XML1000000_3163_02_chunk_43.vrp,137911000.0,184.21,OK
XML1000000_3163_02,XML1000000_3163_02_chunk_430.vrp,258836000.0,180.96,OK
XML1000000_3163_02,XML1000000_3163_02_chunk_431.vrp,ERROR,0,No feasible route found in 60s.
XML1000000_3163_02,XML1000000_3163_02_chunk_432.vrp,228638000.0,181.96,OK
XML1000000_3163_02,XML1000000_3163_02_chunk_433.vrp,132786000.0,184.41,OK
XML1000000_3163_02,XML1000000_3163_02_chunk_434.vrp,ERROR,0,No feasible route found in 60s.
XML1000000_3163_02,XML1000000_3163_02_chunk_435.vrp,129161000.0,182.91,OK
XML1000000_3163_02,XML1000000_3163_02_chunk_436.vrp,123975000.0,182.54,OK
XML1000000_3163_02,XML1000000_3163_02_chunk_437.vrp,241182000.0,180.92,OK
XML1000000_3163_02,XML1000000_3163_02_chunk_438.vrp,117964000.0,182.88,OK
XML1000000_3163_02,XML1000000_3163_02_chunk_439.vrp,ERROR,0,No feasible route found in 60s.
XML1000000_3163_02,XML1000000_3163_02_chunk_44.vrp,ERROR,0,No feasible route found in 60s.
XML1000000_3163_02,XML1000000_3163_02_chunk_440.vrp,185799000.0,180.78,OK
XML1000000_3163_02,XML1000000_3163_02_chunk_441.vrp,277450000.0,182.06,OK
XML1000000_3163_02,XML1000000_3163_02_chunk_442.vrp,ERROR,0,No feasible route found in 60s.
XML1000000_3163_02,XML1000000_3163_02_chunk_443.vrp,205562000.0,182.94,OK
XML1000000_3163_02,XML1000000_3163_02_chunk_444.vrp,119692000.0,181.45,OK
XML1000000_3163_02,XML1000000_3163_02_chunk_445.vrp,165962000.0,183.79,OK
XML1000000_3163_02,XML1000000_3163_02_chunk_446.vrp,255395000.0,182.55,OK
XML1000000_3163_02,XML1000000_3163_02_chunk_447.vrp,ERROR,0,No feasible route found in 60s.
XML1000000_3163_02,XML1000000_3163_02_chunk_448.vrp,ERROR,0,No feasible route found in 60s.
XML1000000_3163_02,XML1000000_3163_02_chunk_449.vrp,149806000.0,183.19,OK
XML1000000_3163_02,XML1000000_3163_02_chunk_45.vrp,ERROR,0,No feasible route found in 60s.
XML1000000_3163_02,XML1000000_3163_02_chunk_450.vrp,ERROR,0,No feasible route found in 60s.
XML1000000_3163_02,XML1000000_3163_02_chunk_451.vrp,186109000.0,183.8,OK
XML1000000_3163_02,XML1000000_3163_02_chunk_452.vrp,187660000.0,183.49,OK
XML1000000_3163_02,XML1000000_3163_02_chunk_453.vrp,ERROR,0,No feasible route found in 60s.
XML1000000_3163_02,XML1000000_3163_02_chunk_454.vrp,ERROR,0,No feasible route found in 60s.
XML1000000_3163_02,XML1000000_3163_02_chunk_455.vrp,ERROR,0,No feasible route found in 60s.
XML1000000_3163_02,XML1000000_3163_02_chunk_456.vrp,ERROR,0,No feasible route found in 60s.
XML1000000_3163_02,XML1000000_3163_02_chunk_457.vrp,158275000.0,181.88,OK
XML1000000_3163_02,XML1000000_3163_02_chunk_458.vrp,ERROR,0,No feasible route found in 60s.
XML1000000_3163_02,XML1000000_3163_02_chunk_459.vrp,ERROR,0,No feasible route found in 60s.
XML1000000_3163_02,XML1000000_3163_02_chunk_46.vrp,234881000.0,184.91,OK
XML1000000_3163_02,XML1000000_3163_02_chunk_460.vrp,ERROR,0,No feasible route found in 60s.
XML1000000_3163_02,XML1000000_3163_02_chunk_461.vrp,150847000.0,180.62,OK
XML1000000_3163_02,XML1000000_3163_02_chunk_462.vrp,ERROR,0,No feasible route found in 60s.
XML1000000_3163_02,XML1000000_3163_02_chunk_463.vrp,110668000.0,183.79,OK
XML1000000_3163_02,XML1000000_3163_02_chunk_464.vrp,ERROR,0,No feasible route found in 60s.
XML1000000_3163_02,XML1000000_3163_02_chunk_465.vrp,298061000.0,181.25,OK
XML1000000_3163_02,XML1000000_3163_02_chunk_466.vrp,152939000.0,181.61,OK
XML1000000_3163_02,XML1000000_3163_02_chunk_467.vrp,ERROR,0,No feasible route found in 60s.
XML1000000_3163_02,XML1000000_3163_02_chunk_468.vrp,ERROR,0,No feasible route found in 60s.
XML1000000_3163_02,XML1000000_3163_02_chunk_469.vrp,130846000.0,182.92,OK
XML1000000_3163_02,XML1000000_3163_02_chunk_47.vrp,ERROR,0,No feasible route found in 60s.
XML1000000_3163_02,XML1000000_3163_02_chunk_470.vrp,ERROR,0,No feasible route found in 60s.
XML1000000_3163_02,XML1000000_3163_02_chunk_471.vrp,ERROR,0,No feasible route found in 60s.
XML1000000_3163_02,XML1000000_3163_02_chunk_472.vrp,ERROR,0,No feasible route found in 60s.
XML1000000_3163_02,XML1000000_3163_02_chunk_473.vrp,ERROR,0,No feasible route found in 60s.
XML1000000_3163_02,XML1000000_3163_02_chunk_474.vrp,256899000.0,182.24,OK
XML1000000_3163_02,XML1000000_3163_02_chunk_475.vrp,206928000.0,181.21,OK
XML1000000_3163_02,XML1000000_3163_02_chunk_476.vrp,232686000.0,182.67,OK
XML1000000_3163_02,XML1000000_3163_02_chunk_477.vrp,167973000.0,186.26,OK
XML1000000_3163_02,XML1000000_3163_02_chunk_478.vrp,ERROR,0,No feasible route found in 60s.
XML1000000_3163_02,XML1000000_3163_02_chunk_479.vrp,98799000.0,180.53,OK
XML1000000_3163_02,XML1000000_3163_02_chunk_48.vrp,ERROR,0,No feasible route found in 60s.
XML1000000_3163_02,XML1000000_3163_02_chunk_480.vrp,ERROR,0,No feasible route found in 60s.
XML1000000_3163_02,XML1000000_3163_02_chunk_481.vrp,351873000.0,184.5,OK
XML1000000_3163_02,XML1000000_3163_02_chunk_482.vrp,130254000.0,181.36,OK
XML1000000_3163_02,XML1000000_3163_02_chunk_483.vrp,261385000.0,182.54,OK
XML1000000_3163_02,XML1000000_3163_02_chunk_484.vrp,147206000.0,182.85,OK
XML1000000_3163_02,XML1000000_3163_02_chunk_485.vrp,ERROR,0,No feasible route found in 60s.
XML1000000_3163_02,XML1000000_3163_02_chunk_486.vrp,139157000.0,183.34,OK
XML1000000_3163_02,XML1000000_3163_02_chunk_487.vrp,ERROR,0,No feasible route found in 60s.
XML1000000_3163_02,XML1000000_3163_02_chunk_488.vrp,ERROR,0,No feasible route found in 60s.
XML1000000_3163_02,XML1000000_3163_02_chunk_489.vrp,326306000.0,183.41,OK
XML1000000_3163_02,XML1000000_3163_02_chunk_49.vrp,ERROR,0,"Crash: Command '['/home/ubuntu/cvrp/baselines/HGS-CVRP/build/hgs', '/home/ubuntu/cvrp/data/instances/hgs_partitions/XML1000000_3163_02_partitions/XML1000000_3163_02_chunk_49.vrp', '/home/ubuntu/cvrp/data/instances/hgs_partitions/XML1000000_3163_02_partitions/XML1000000_3163_02_chunk_49.sol', '-t', '180', '-seed', '42']' timed out after 190 seconds"
XML1000000_3163_02,XML1000000_3163_02_chunk_490.vrp,151113000.0,181.14,OK
XML1000000_3163_02,XML1000000_3163_02_chunk_491.vrp,181226000.0,181.32,OK
XML1000000_3163_02,XML1000000_3163_02_chunk_492.vrp,ERROR,0,No feasible route found in 60s.
XML1000000_3163_02,XML1000000_3163_02_chunk_493.vrp,ERROR,0,No feasible route found in 60s.
XML1000000_3163_02,XML1000000_3163_02_chunk_494.vrp,ERROR,0,No feasible route found in 60s.
XML1000000_3163_02,XML1000000_3163_02_chunk_495.vrp,273431000.0,181.58,OK
XML1000000_3163_02,XML1000000_3163_02_chunk_496.vrp,ERROR,0,No feasible route found in 60s.
XML1000000_3163_02,XML1000000_3163_02_chunk_497.vrp,ERROR,0,No feasible route found in 60s.
XML1000000_3163_02,XML1000000_3163_02_chunk_498.vrp,171721000.0,182.15,OK
XML1000000_3163_02,XML1000000_3163_02_chunk_499.vrp,183547000.0,188.14,OK
XML1000000_3163_02,XML1000000_3163_02_chunk_5.vrp,157065000.0,184.09,OK
XML1000000_3163_02,XML1000000_3163_02_chunk_50.vrp,ERROR,0,No feasible route found in 60s.
XML1000000_3163_02,XML1000000_3163_02_chunk_51.vrp,59386900.0,180.57,OK
XML1000000_3163_02,XML1000000_3163_02_chunk_52.vrp,190047000.0,181.39,OK
XML1000000_3163_02,XML1000000_3163_02_chunk_53.vrp,360215000.0,180.85,OK
XML1000000_3163_02,XML1000000_3163_02_chunk_54.vrp,268761000.0,183.78,OK
XML1000000_3163_02,XML1000000_3163_02_chunk_55.vrp,ERROR,0,No feasible route found in 60s.
XML1000000_3163_02,XML1000000_3163_02_chunk_56.vrp,ERROR,0,No feasible route found in 60s.
XML1000000_3163_02,XML1000000_3163_02_chunk_57.vrp,155890000.0,180.87,OK
XML1000000_3163_02,XML1000000_3163_02_chunk_58.vrp,ERROR,0,No feasible route found in 60s.
XML1000000_3163_02,XML1000000_3163_02_chunk_59.vrp,152471000.0,180.57,OK
XML1000000_3163_02,XML1000000_3163_02_chunk_6.vrp,148482000.0,181.44,OK
XML1000000_3163_02,XML1000000_3163_02_chunk_60.vrp,ERROR,0,No feasible route found in 60s.
XML1000000_3163_02,XML1000000_3163_02_chunk_61.vrp,128618000.0,181.22,OK
XML1000000_3163_02,XML1000000_3163_02_chunk_62.vrp,147788000.0,183.75,OK
XML1000000_3163_02,XML1000000_3163_02_chunk_63.vrp,277100000.0,184.49,OK
XML1000000_3163_02,XML1000000_3163_02_chunk_64.vrp,ERROR,0,No feasible route found in 60s.
XML1000000_3163_02,XML1000000_3163_02_chunk_65.vrp,ERROR,0,No feasible route found in 60s.
XML1000000_3163_02,XML1000000_3163_02_chunk_66.vrp,163262000.0,181.46,OK
XML1000000_3163_02,XML1000000_3163_02_chunk_67.vrp,164454000.0,183.44,OK
XML1000000_3163_02,XML1000000_3163_02_chunk_68.vrp,ERROR,0,No feasible route found in 60s.
XML1000000_3163_02,XML1000000_3163_02_chunk_69.vrp,ERROR,0,No feasible route found in 60s.
XML1000000_3163_02,XML1000000_3163_02_chunk_7.vrp,ERROR,0,No feasible route found in 60s.
XML1000000_3163_02,XML1000000_3163_02_chunk_70.vrp,ERROR,0,No feasible route found in 60s.
XML1000000_3163_02,XML1000000_3163_02_chunk_71.vrp,138630000.0,180.4,OK
XML1000000_3163_02,XML1000000_3163_02_chunk_72.vrp,198928000.0,183.77,OK
XML1000000_3163_02,XML1000000_3163_02_chunk_73.vrp,ERROR,0,No feasible route found in 60s.
XML1000000_3163_02,XML1000000_3163_02_chunk_74.vrp,ERROR,0,No feasible route found in 60s.
XML1000000_3163_02,XML1000000_3163_02_chunk_75.vrp,173711000.0,182.36,OK
XML1000000_3163_02,XML1000000_3163_02_chunk_76.vrp,165573000.0,180.76,OK
XML1000000_3163_02,XML1000000_3163_02_chunk_77.vrp,ERROR,0,No feasible route found in 60s.
XML1000000_3163_02,XML1000000_3163_02_chunk_78.vrp,160112000.0,186.24,OK
XML1000000_3163_02,XML1000000_3163_02_chunk_79.vrp,209346000.0,182.81,OK
XML1000000_3163_02,XML1000000_3163_02_chunk_8.vrp,89188800.0,181.17,OK
XML1000000_3163_02,XML1000000_3163_02_chunk_80.vrp,125578000.0,186.98,OK
XML1000000_3163_02,XML1000000_3163_02_chunk_81.vrp,ERROR,0,No feasible route found in 60s.
XML1000000_3163_02,XML1000000_3163_02_chunk_82.vrp,185461000.0,182.26,OK
XML1000000_3163_02,XML1000000_3163_02_chunk_83.vrp,ERROR,0,No feasible route found in 60s.
XML1000000_3163_02,XML1000000_3163_02_chunk_84.vrp,ERROR,0,No feasible route found in 60s.
XML1000000_3163_02,XML1000000_3163_02_chunk_85.vrp,181972000.0,181.52,OK
XML1000000_3163_02,XML1000000_3163_02_chunk_86.vrp,ERROR,0,No feasible route found in 60s.
XML1000000_3163_02,XML1000000_3163_02_chunk_87.vrp,159030000.0,181.87,OK
XML1000000_3163_02,XML1000000_3163_02_chunk_88.vrp,173474000.0,183.28,OK
XML1000000_3163_02,XML1000000_3163_02_chunk_89.vrp,ERROR,0,No feasible route found in 60s.
XML1000000_3163_02,XML1000000_3163_02_chunk_9.vrp,ERROR,0,No feasible route found in 60s.
XML1000000_3163_02,XML1000000_3163_02_chunk_90.vrp,ERROR,0,No feasible route found in 60s.
XML1000000_3163_02,XML1000000_3163_02_chunk_91.vrp,ERROR,0,No feasible route found in 60s.
XML1000000_3163_02,XML1000000_3163_02_chunk_92.vrp,ERROR,0,No feasible route found in 60s.
XML1000000_3163_02,XML1000000_3163_02_chunk_93.vrp,125164000.0,181.37,OK
XML1000000_3163_02,XML1000000_3163_02_chunk_94.vrp,264972000.0,185.28,OK
XML1000000_3163_02,XML1000000_3163_02_chunk_95.vrp,ERROR,0,No feasible route found in 60s.
XML1000000_3163_02,XML1000000_3163_02_chunk_96.vrp,288964000.0,183.0,OK
XML1000000_3163_02,XML1000000_3163_02_chunk_97.vrp,ERROR,0,No feasible route found in 60s.
XML1000000_3163_02,XML1000000_3163_02_chunk_98.vrp,134945000.0,183.87,OK
XML1000000_3163_02,XML1000000_3163_02_chunk_99.vrp,265746000.0,181.76,OK
XML1000000_3163_02,[TOTAL AGGREGATE],INCOMPLETE,43601884800.0,Only 231/500 succeeded
